filename,video_id,start_time,end_time,duration,id,transcription,usability,bg_music,bg_noise,other_voice,only_music,only_noise,other_sounds,annotator,annotate_date_YYYYMMDD
AneesaSmith_UCUek6yHcjiiA0hiMqgsGpw_HrYDsGL1gxg_281_32481.wav,AneesaSmith_UCUek6yHcjiiA0hiMqgsGpw_HrYDsGL1gxg,281,32481,32200,0,hi guys welcome back uh it's so annoying let's do that again I don't know how to start this hey guys welcome back to my channel that's much better for today's video I am going to be doing a question and answer video I had you guys ask me questions last night on my Instagram if you guys don't follow me on Instagram yet my Instagram name is a right_un here um but yeah I had you guys ask you some questions that you want answers to on my Instagram last night so this video is going to be answering all of those questions,1,0,0,1,0,0,0,RP,2021-06-25 17:25:35.378278
AneesaSmith_UCUek6yHcjiiA0hiMqgsGpw_HrYDsGL1gxg_32913_38649.wav,AneesaSmith_UCUek6yHcjiiA0hiMqgsGpw_HrYDsGL1gxg,32913,38649,5736,1,so without further ado first question is what is my skincare routine um well,1,0,0,0,0,0,0,RP,2021-06-25 17:25:47.006755
AneesaSmith_UCUek6yHcjiiA0hiMqgsGpw_HrYDsGL1gxg_38825_43809.wav,AneesaSmith_UCUek6yHcjiiA0hiMqgsGpw_HrYDsGL1gxg,38825,43809,4984,2,I don't have a skincare routine I know that sounds bad this skincare routine that I have had,1,0,0,0,0,0,0,RP,2021-06-25 17:25:59.165297
AneesaSmith_UCUek6yHcjiiA0hiMqgsGpw_HrYDsGL1gxg_43929_58425.wav,AneesaSmith_UCUek6yHcjiiA0hiMqgsGpw_HrYDsGL1gxg,43929,58425,14496,3,doesn't consist of a whole lot I use a um just like a mild cleanser I believe it's from clean and clear it's like the yellow and purple bottle just a really mild cleanser but still like gets all of that gunk off my face I usually do- I wash my face like,1,0,0,0,0,0,0,RP,2021-06-25 17:26:21.079875
AneesaSmith_UCUek6yHcjiiA0hiMqgsGpw_HrYDsGL1gxg_58537_59945.wav,AneesaSmith_UCUek6yHcjiiA0hiMqgsGpw_HrYDsGL1gxg,58537,59945,1408,4,double I wash my face,1,0,0,0,0,0,0,RP,2021-06-25 17:26:30.176065
AneesaSmith_UCUek6yHcjiiA0hiMqgsGpw_HrYDsGL1gxg_60073_63417.wav,AneesaSmith_UCUek6yHcjiiA0hiMqgsGpw_HrYDsGL1gxg,60073,63417,3344,5,every night obviously when I'm taking a shower I wash it once,1,0,0,0,0,0,0,RP,2021-06-25 17:26:55.994051
AneesaSmith_UCUek6yHcjiiA0hiMqgsGpw_HrYDsGL1gxg_63521_85665.wav,AneesaSmith_UCUek6yHcjiiA0hiMqgsGpw_HrYDsGL1gxg,63521,85665,22144,6,rinse and then wash it again and rinse because there's still so much makeup on my face usually at the end of the day um I don't go like full glam makeup look every single day because homegirl aint got no time for that but when I do take off my makeup I find that like just rinsing one time isn't enough but you do have to be careful because some of the cleansers are really really harsh on the skin um I've used a couple well I've used one from like Neutrogena,1,0,0,0,0,0,0,RP,2021-06-25 17:27:56.658369
AneesaSmith_UCUek6yHcjiiA0hiMqgsGpw_HrYDsGL1gxg_85785_94481.wav,AneesaSmith_UCUek6yHcjiiA0hiMqgsGpw_HrYDsGL1gxg,85785,94481,8696,7,which was super good and like cleansed in my skin really well but it was so drying that I had to stop using it and I also had a reaction to it so that was just a bad experience but,1,0,0,0,0,0,0,RP,2021-06-25 17:28:13.750493
AneesaSmith_UCUek6yHcjiiA0hiMqgsGpw_HrYDsGL1gxg_94561_94801.wav,AneesaSmith_UCUek6yHcjiiA0hiMqgsGpw_HrYDsGL1gxg,94561,94801,240,8,,0,0,0,0,0,1,0,RP,2021-06-25 17:28:22.635439
AneesaSmith_UCUek6yHcjiiA0hiMqgsGpw_HrYDsGL1gxg_94889_100929.wav,AneesaSmith_UCUek6yHcjiiA0hiMqgsGpw_HrYDsGL1gxg,94889,100929,6040,9,um yeah I don't really have a skincare routine I just use like a mild cleanser um I get facials every now and then,1,0,0,0,0,0,0,RP,2021-06-25 17:28:46.541010
AneesaSmith_UCUek6yHcjiiA0hiMqgsGpw_HrYDsGL1gxg_101545_113329.wav,AneesaSmith_UCUek6yHcjiiA0hiMqgsGpw_HrYDsGL1gxg,101545,113329,11784,10,then I also um will like spot treat my skin whenever like my skin just recently has not been well at all I hardly have any makeup on today and I'm also so pale okay let's just talk about that for a second I literally look like,1,0,0,0,0,0,0,RP,2021-06-25 17:30:39.219768
AneesaSmith_UCUek6yHcjiiA0hiMqgsGpw_HrYDsGL1gxg_113513_125593.wav,AneesaSmith_UCUek6yHcjiiA0hiMqgsGpw_HrYDsGL1gxg,113513,125593,12080,11,um a ghost okay but yeah I do spot treat my skin where I have breakouts I use the Mario Badescu which is like the most popular I feel like spot treatment um it's from Ulta at seventeen dollars it's in a little tiny little,1,0,0,0,0,0,0,RP,2021-06-25 17:32:01.477280
AneesaSmith_UCUek6yHcjiiA0hiMqgsGpw_HrYDsGL1gxg_125673_128857.wav,AneesaSmith_UCUek6yHcjiiA0hiMqgsGpw_HrYDsGL1gxg,125673,128857,3184,12,-nk bottle I use that* overnight if I ever have any like,1,0,0,0,0,0,0,RP,2021-06-25 17:32:18.022796
AneesaSmith_UCUek6yHcjiiA0hiMqgsGpw_HrYDsGL1gxg_129113_136465.wav,AneesaSmith_UCUek6yHcjiiA0hiMqgsGpw_HrYDsGL1gxg,129113,136465,7352,13,skin breakouts that are coming through or that I just want to get rid of <sfx> in a timely manner so yes that is my skincare routine,1,0,0,0,0,0,0,RP,2021-06-25 17:33:21.235983
AneesaSmith_UCUek6yHcjiiA0hiMqgsGpw_HrYDsGL1gxg_136817_146698.wav,AneesaSmith_UCUek6yHcjiiA0hiMqgsGpw_HrYDsGL1gxg,136817,146698,9881,14,okay next question is um what message would you give to a new makeup artist coming into the industry oh that's a good question my message to a new makeup artist would probably have to be,1,0,0,0,0,0,0,RP,2021-06-25 17:34:12.956823
AneesaSmith_UCUek6yHcjiiA0hiMqgsGpw_HrYDsGL1gxg_146818_149162.wav,AneesaSmith_UCUek6yHcjiiA0hiMqgsGpw_HrYDsGL1gxg,146818,149162,2344,15,try and get as much practice as you can,1,0,0,0,0,0,0,RP,2021-06-25 17:34:24.683390
AneesaSmith_UCUek6yHcjiiA0hiMqgsGpw_HrYDsGL1gxg_149266_152730.wav,AneesaSmith_UCUek6yHcjiiA0hiMqgsGpw_HrYDsGL1gxg,149266,152730,3464,16,um I know just from like when I started I started working on all my,1,0,0,0,0,0,0,RP,2021-06-25 17:34:39.129861
AneesaSmith_UCUek6yHcjiiA0hiMqgsGpw_HrYDsGL1gxg_152874_154202.wav,AneesaSmith_UCUek6yHcjiiA0hiMqgsGpw_HrYDsGL1gxg,152874,154202,1328,17,really good friends and,1,0,0,0,0,0,0,RP,2021-06-25 17:34:49.253004
AneesaSmith_UCUek6yHcjiiA0hiMqgsGpw_HrYDsGL1gxg_154611_156845.wav,AneesaSmith_UCUek6yHcjiiA0hiMqgsGpw_HrYDsGL1gxg,154611,156845,2234,18,I thought like wow I'm so good at this like,1,0,0,0,0,0,0,RP,2021-06-25 17:35:00.539935
AneesaSmith_UCUek6yHcjiiA0hiMqgsGpw_HrYDsGL1gxg_157013_168845.wav,AneesaSmith_UCUek6yHcjiiA0hiMqgsGpw_HrYDsGL1gxg,157013,168845,11832,19,this is honestly fire right now and I go back now and I look at those pictures and I'm like why did anybody let me touch their face ever like why but I think my advice would just to be get as much- ,1,0,0,0,0,0,0,RP,2021-06-25 17:35:43.124288
AneesaSmith_UCUek6yHcjiiA0hiMqgsGpw_HrYDsGL1gxg_169021_169545.wav,AneesaSmith_UCUek6yHcjiiA0hiMqgsGpw_HrYDsGL1gxg,169021,169545,524,20,be,1,0,0,0,0,0,0,RP,2021-06-25 17:35:51.376219
AneesaSmith_UCUek6yHcjiiA0hiMqgsGpw_HrYDsGL1gxg_169825_184185.wav,AneesaSmith_UCUek6yHcjiiA0hiMqgsGpw_HrYDsGL1gxg,169825,184185,14360,21,just to get- what did I say would be just to get as much practice as you can um because practice really does make perfect I know that's such a cheesy line but the more practice you have the more experience you have working on multiple faces multiple skin tones multiple skin types like all of that really,1,0,0,0,0,0,0,RP,2021-06-25 17:36:37.651020
AneesaSmith_UCUek6yHcjiiA0hiMqgsGpw_HrYDsGL1gxg_184289_186065.wav,AneesaSmith_UCUek6yHcjiiA0hiMqgsGpw_HrYDsGL1gxg,184289,186065,1776,22,helps you in the long run because,1,0,0,0,0,0,0,RP,2021-06-25 17:36:47.324738
AneesaSmith_UCUek6yHcjiiA0hiMqgsGpw_HrYDsGL1gxg_186217_201729.wav,AneesaSmith_UCUek6yHcjiiA0hiMqgsGpw_HrYDsGL1gxg,186217,201729,15512,23,I mean if you're a makeup artist and you want to like be doing you know weddings or parties or events or whatever it is you're more than likely gonna be working on so many different faces and so many different types of women um that you know the- not all one person is the same obviously so I think just,1,0,0,0,0,0,0,RP,2021-06-25 17:37:26.137486
AneesaSmith_UCUek6yHcjiiA0hiMqgsGpw_HrYDsGL1gxg_201865_207021.wav,AneesaSmith_UCUek6yHcjiiA0hiMqgsGpw_HrYDsGL1gxg,201865,207021,5156,24,my biggest thing if you're just starting out or you want to like become a makeup artist is to get as much practice as you can,1,0,0,0,0,0,0,RP,2021-06-25 17:37:47.511391
AneesaSmith_UCUek6yHcjiiA0hiMqgsGpw_HrYDsGL1gxg_207165_216257.wav,AneesaSmith_UCUek6yHcjiiA0hiMqgsGpw_HrYDsGL1gxg,207165,216257,9092,25,even though you're probably gonna suck when you first start that's totally fine because everybody does I did I've always been into makeup I've always been into beauty but when I started doing makeup on other people I was like,1,0,0,0,0,0,0,RP,2021-06-25 17:38:30.182423
AneesaSmith_UCUek6yHcjiiA0hiMqgsGpw_HrYDsGL1gxg_216409_220161.wav,AneesaSmith_UCUek6yHcjiiA0hiMqgsGpw_HrYDsGL1gxg,216409,220161,3752,26,what the hell am i doing like I had no clue what I was doing and I just had to learn from like,1,0,0,0,0,0,0,RP,2021-06-25 17:38:43.379505
AneesaSmith_UCUek6yHcjiiA0hiMqgsGpw_HrYDsGL1gxg_220345_227673.wav,AneesaSmith_UCUek6yHcjiiA0hiMqgsGpw_HrYDsGL1gxg,220345,227673,7328,27,experience so get as much experienc- experience as you can okay next question is um what is your favorite place to buy clothes honestly,1,0,0,0,0,0,0,RP,2021-06-25 17:38:59.291623
AneesaSmith_UCUek6yHcjiiA0hiMqgsGpw_HrYDsGL1gxg_228193_229017.wav,AneesaSmith_UCUek6yHcjiiA0hiMqgsGpw_HrYDsGL1gxg,228193,229017,824,28,honestly_unn,0,0,0,1,0,0,0,RP,2021-06-25 17:39:14.397298
AneesaSmith_UCUek6yHcjiiA0hiMqgsGpw_HrYDsGL1gxg_229153_242817.wav,AneesaSmith_UCUek6yHcjiiA0hiMqgsGpw_HrYDsGL1gxg,229153,242817,13664,29,forever twenty one I know that's like so basic and I feel like everybody shops there but they had really cute clothes for me I'm not really super materialistic like I don't- I don't know mean that in a bad way I just mean like I don't necessarily need like brand name stuff,1,0,0,0,0,0,0,RP,2021-06-25 17:40:18.160269
AneesaSmith_UCUek6yHcjiiA0hiMqgsGpw_HrYDsGL1gxg_242961_246297.wav,AneesaSmith_UCUek6yHcjiiA0hiMqgsGpw_HrYDsGL1gxg,242961,246297,3336,30,I don't- I- I'm just not that kind of person I love just,1,0,0,0,0,0,0,RP,2021-06-25 18:50:08.690032
AneesaSmith_UCUek6yHcjiiA0hiMqgsGpw_HrYDsGL1gxg_246449_255801.wav,AneesaSmith_UCUek6yHcjiiA0hiMqgsGpw_HrYDsGL1gxg,246449,255801,9352,31,finding cute affordable clothes where it doesn't like break the bank you know what I mean and i am one of the people i love shopping like shopping could be a full time job for me because i do it so often,1,0,0,0,0,0,0,RP,2021-06-25 18:50:46.925844
AneesaSmith_UCUek6yHcjiiA0hiMqgsGpw_HrYDsGL1gxg_255913_267289.wav,AneesaSmith_UCUek6yHcjiiA0hiMqgsGpw_HrYDsGL1gxg,255913,267289,11376,32,i feel like i want to be able to buy new clothes often and not feel like wow i'm spending three hundred and fifty dollars every time i go to the mall every time i go shopping you know and I feel like forever twenty one has really really really cute stuff,1,0,0,0,0,0,0,RP,2021-06-25 18:51:22.748208
AneesaSmith_UCUek6yHcjiiA0hiMqgsGpw_HrYDsGL1gxg_267393_267561.wav,AneesaSmith_UCUek6yHcjiiA0hiMqgsGpw_HrYDsGL1gxg,267393,267561,168,33,,0,0,0,0,0,1,0,RP,2021-06-25 18:51:29.819689
AneesaSmith_UCUek6yHcjiiA0hiMqgsGpw_HrYDsGL1gxg_267673_270017.wav,AneesaSmith_UCUek6yHcjiiA0hiMqgsGpw_HrYDsGL1gxg,267673,270017,2344,34,at a really good price point so I usually buy,1,0,0,0,0,0,0,RP,2021-06-25 18:51:46.354026
AneesaSmith_UCUek6yHcjiiA0hiMqgsGpw_HrYDsGL1gxg_270145_275921.wav,AneesaSmith_UCUek6yHcjiiA0hiMqgsGpw_HrYDsGL1gxg,270145,275921,5776,35,all of my clothes there um I also do a lot of shopping at Ross and Marshalls and TJ Maxx stores like that,1,0,0,0,0,0,0,RP,2021-06-25 18:52:05.183706
AneesaSmith_UCUek6yHcjiiA0hiMqgsGpw_HrYDsGL1gxg_276553_277257.wav,AneesaSmith_UCUek6yHcjiiA0hiMqgsGpw_HrYDsGL1gxg,276553,277257,704,36,um,0,0,0,0,0,0,0,RP,2021-06-25 18:52:11.099147
AneesaSmith_UCUek6yHcjiiA0hiMqgsGpw_HrYDsGL1gxg_277369_281625.wav,AneesaSmith_UCUek6yHcjiiA0hiMqgsGpw_HrYDsGL1gxg,277369,281625,4256,37,and I feel like- I feel like they have like a ba- you know what I mean they were like oh_unn you_unn shop_unn at_unn Ross_unn like thi-,1,0,0,1,0,0,0,RP,2021-06-25 18:53:18.569844
AneesaSmith_UCUek6yHcjiiA0hiMqgsGpw_HrYDsGL1gxg_281745_296057.wav,AneesaSmith_UCUek6yHcjiiA0hiMqgsGpw_HrYDsGL1gxg,281745,296057,14312,38,yeah I do got my Ross because they have a really cute stuff and most the time I'm wearing stuff on camera or like in a video or whatever and you guys like oh_unn my_unn gosh_unn where'd_unn you_unn get_unn that_unn and I'm like Ross_unn so they just have really good stuff and also at a very good price point in my opinion but my- I think my all time favorite store is,1,0,0,1,0,0,0,RP,2021-06-25 18:55:04.313482
AneesaSmith_UCUek6yHcjiiA0hiMqgsGpw_HrYDsGL1gxg_296209_303009.wav,AneesaSmith_UCUek6yHcjiiA0hiMqgsGpw_HrYDsGL1gxg,296209,303009,6800,39,forever twenty one next question what is um the most important thing that you look for on a client before doing their makeup,1,0,0,0,0,0,0,RP,2021-06-25 18:55:18.258406
AneesaSmith_UCUek6yHcjiiA0hiMqgsGpw_HrYDsGL1gxg_303385_303905.wav,AneesaSmith_UCUek6yHcjiiA0hiMqgsGpw_HrYDsGL1gxg,303385,303905,520,40,um,0,0,0,0,0,0,0,RP,2021-06-25 18:55:23.787805
AneesaSmith_UCUek6yHcjiiA0hiMqgsGpw_HrYDsGL1gxg_304185_304561.wav,AneesaSmith_UCUek6yHcjiiA0hiMqgsGpw_HrYDsGL1gxg,304185,304561,376,41,,0,0,0,0,0,1,0,RP,2021-06-25 18:55:29.241393
AneesaSmith_UCUek6yHcjiiA0hiMqgsGpw_HrYDsGL1gxg_304697_307553.wav,AneesaSmith_UCUek6yHcjiiA0hiMqgsGpw_HrYDsGL1gxg,304697,307553,2856,42,good one I think the one thing that I look at,1,0,0,0,0,0,0,RP,2021-06-25 18:55:50.020689
AneesaSmith_UCUek6yHcjiiA0hiMqgsGpw_HrYDsGL1gxg_307673_310021.wav,AneesaSmith_UCUek6yHcjiiA0hiMqgsGpw_HrYDsGL1gxg,307673,310021,2348,43,like first and foremost is their skin type,1,0,0,0,0,0,0,RP,2021-06-25 18:56:01.901242
AneesaSmith_UCUek6yHcjiiA0hiMqgsGpw_HrYDsGL1gxg_310101_311477.wav,AneesaSmith_UCUek6yHcjiiA0hiMqgsGpw_HrYDsGL1gxg,310101,311477,1376,44,because most the time like,1,0,0,0,0,0,0,RP,2021-06-25 18:56:10.036537
AneesaSmith_UCUek6yHcjiiA0hiMqgsGpw_HrYDsGL1gxg_311557_319917.wav,AneesaSmith_UCUek6yHcjiiA0hiMqgsGpw_HrYDsGL1gxg,311557,319917,8360,45,if they have like dry skin I like to prep the skin I always start with eye makeup so no matter who I'm working on I always do their eyes first because I like to avoid like,1,0,0,0,0,0,0,RP,2021-06-25 18:56:34.792138
AneesaSmith_UCUek6yHcjiiA0hiMqgsGpw_HrYDsGL1gxg_319997_338167.wav,AneesaSmith_UCUek6yHcjiiA0hiMqgsGpw_HrYDsGL1gxg,319997,338167,18170,46,fall out if I'm doing like a dark look or whatever but I always look at the person's skin because if they have dry skin I like to prep it before so I'll put a moisturizer let that kind of sink and soak in I'll put a primer let that kind of like work its way- work itself in there and then by the time I get to their face their face like prepped and primed and ready to go if that makes sense so I think,1,0,0,0,0,0,0,RP,2021-06-25 18:57:32.177385
AneesaSmith_UCUek6yHcjiiA0hiMqgsGpw_HrYDsGL1gxg_338247_340039.wav,AneesaSmith_UCUek6yHcjiiA0hiMqgsGpw_HrYDsGL1gxg,338247,340039,1792,47,definitely looking at the person's skin,1,0,0,0,0,0,0,RP,2021-06-25 18:57:40.874676
AneesaSmith_UCUek6yHcjiiA0hiMqgsGpw_HrYDsGL1gxg_340119_341057.wav,AneesaSmith_UCUek6yHcjiiA0hiMqgsGpw_HrYDsGL1gxg,340119,341057,938,48,um is the first,1,0,0,0,0,0,0,RP,2021-06-25 18:57:47.747182
AneesaSmith_UCUek6yHcjiiA0hiMqgsGpw_HrYDsGL1gxg_341161_341905.wav,AneesaSmith_UCUek6yHcjiiA0hiMqgsGpw_HrYDsGL1gxg,341161,341905,744,49,thing that I do,1,0,0,0,0,0,0,RP,2021-06-25 18:57:53.301032
AneesaSmith_UCUek6yHcjiiA0hiMqgsGpw_HrYDsGL1gxg_342121_346477.wav,AneesaSmith_UCUek6yHcjiiA0hiMqgsGpw_HrYDsGL1gxg,342121,346477,4356,50,okay this person asked um what is your eyebrow routine your yours always look amazing,1,0,0,0,0,0,0,RP,2021-06-25 18:58:09.695039
AneesaSmith_UCUek6yHcjiiA0hiMqgsGpw_HrYDsGL1gxg_346621_351917.wav,AneesaSmith_UCUek6yHcjiiA0hiMqgsGpw_HrYDsGL1gxg,346621,351917,5296,51,so I actually get a lot of questions about my eyebrows and I don't know if I've said this on my channel before or not,1,0,0,0,0,0,0,RP,2021-06-25 18:58:21.645572
AneesaSmith_UCUek6yHcjiiA0hiMqgsGpw_HrYDsGL1gxg_352045_353985.wav,AneesaSmith_UCUek6yHcjiiA0hiMqgsGpw_HrYDsGL1gxg,352045,353985,1940,52,but I used to have- and let's just-,1,0,0,0,0,0,0,RP,2021-06-25 18:58:32.425709
AneesaSmith_UCUek6yHcjiiA0hiMqgsGpw_HrYDsGL1gxg_354113_359161.wav,AneesaSmith_UCUek6yHcjiiA0hiMqgsGpw_HrYDsGL1gxg,354113,359161,5048,53,okay we can just like- I think you can see I know I have a hat on but I used to have a unibrow when I was little,1,0,0,0,0,0,0,RP,2021-06-25 18:58:48.902317
AneesaSmith_UCUek6yHcjiiA0hiMqgsGpw_HrYDsGL1gxg_359313_366361.wav,AneesaSmith_UCUek6yHcjiiA0hiMqgsGpw_HrYDsGL1gxg,359313,366361,7048,54,yes I know I'm just letting it all out right now also if you look on my Instagram page um I think it's kind of a bit farther down but I did,1,0,0,0,0,0,0,RP,2021-06-25 18:59:03.847201
AneesaSmith_UCUek6yHcjiiA0hiMqgsGpw_HrYDsGL1gxg_366673_372890.wav,AneesaSmith_UCUek6yHcjiiA0hiMqgsGpw_HrYDsGL1gxg,366673,372890,6217,55,this whole um post about like my eyebrow transformation through the years they were so hideous like I had,1,0,0,0,0,0,0,RP,2021-06-25 18:59:18.175626
AneesaSmith_UCUek6yHcjiiA0hiMqgsGpw_HrYDsGL1gxg_373034_375418.wav,AneesaSmith_UCUek6yHcjiiA0hiMqgsGpw_HrYDsGL1gxg,373034,375418,2384,56,full really really really full eyebrows and then I,1,0,0,0,0,0,0,RP,2021-06-25 18:59:31.233169
AneesaSmith_UCUek6yHcjiiA0hiMqgsGpw_HrYDsGL1gxg_375578_383266.wav,AneesaSmith_UCUek6yHcjiiA0hiMqgsGpw_HrYDsGL1gxg,375578,383266,7688,57,plucked them and cut them and trimmed them and they were lines I basically did everything that you're not supposed to do to my own eyebrows and I thought they looked so good I just,1,0,0,0,0,0,0,RP,2021-06-25 18:59:46.505164
AneesaSmith_UCUek6yHcjiiA0hiMqgsGpw_HrYDsGL1gxg_383394_384379.wav,AneesaSmith_UCUek6yHcjiiA0hiMqgsGpw_HrYDsGL1gxg,383394,384379,985,58,didn't want to have an-,1,0,0,0,0,0,0,RP,2021-06-25 18:59:59.291881
AneesaSmith_UCUek6yHcjiiA0hiMqgsGpw_HrYDsGL1gxg_384523_392915.wav,AneesaSmith_UCUek6yHcjiiA0hiMqgsGpw_HrYDsGL1gxg,384523,392915,8392,59,a unibrow anymore so I just tried everything I possibly could to get rid of them but now um they have obviously grown back and they're not little um lines on my face,1,0,0,0,0,0,0,RP,2021-06-25 19:00:22.688050
AneesaSmith_UCUek6yHcjiiA0hiMqgsGpw_HrYDsGL1gxg_393019_404299.wav,AneesaSmith_UCUek6yHcjiiA0hiMqgsGpw_HrYDsGL1gxg,393019,404299,11280,60,but I get them um to get the shape of my eyebrows I did threading so I got I went to like one of those little threading places and got the shape and they- I feel like the threading places like shape them really well I don't- I couldn't tell you the name,1,0,0,0,0,0,0,RP,2021-06-25 19:01:06.433834
AneesaSmith_UCUek6yHcjiiA0hiMqgsGpw_HrYDsGL1gxg_404403_406244.wav,AneesaSmith_UCUek6yHcjiiA0hiMqgsGpw_HrYDsGL1gxg,404403,406244,1841,61,place I went to 'cause I don't remember now I-,1,0,0,0,0,0,0,RP,2021-06-25 19:01:35.793486
AneesaSmith_UCUek6yHcjiiA0hiMqgsGpw_HrYDsGL1gxg_406356_414412.wav,AneesaSmith_UCUek6yHcjiiA0hiMqgsGpw_HrYDsGL1gxg,406356,414412,8056,62,I pretty much keep them up on my own every now and then I will get them waxed just to like really get a nice cleaning but for the most part I use those little like tinkle,1,0,0,0,0,0,0,RP,2021-06-25 19:01:59.537219
AneesaSmith_UCUek6yHcjiiA0hiMqgsGpw_HrYDsGL1gxg_414524_416781.wav,AneesaSmith_UCUek6yHcjiiA0hiMqgsGpw_HrYDsGL1gxg,414524,416781,2257,63,twinkle razor things I think they're called tinkle,1,0,0,0,0,0,0,RP,2021-06-25 19:02:10.998210
AneesaSmith_UCUek6yHcjiiA0hiMqgsGpw_HrYDsGL1gxg_417117_417465.wav,AneesaSmith_UCUek6yHcjiiA0hiMqgsGpw_HrYDsGL1gxg,417117,417465,348,64,-nkle,1,0,0,0,0,0,0,RP,2021-06-25 19:02:29.405675
AneesaSmith_UCUek6yHcjiiA0hiMqgsGpw_HrYDsGL1gxg_417737_431729.wav,AneesaSmith_UCUek6yHcjiiA0hiMqgsGpw_HrYDsGL1gxg,417737,431729,13992,65,that sounds weird but I'm pretty sure they're called tinkle razors and they're just like they kind of like will clean up your eyebrows like your eyebrow hairs and stuff and then I just pluck the ones that are like too hard to get with that but um yeah I just I have a really the girl who does my eyebrows her name is Olivia,1,0,0,0,0,0,0,RP,2021-06-25 19:03:37.097406
AneesaSmith_UCUek6yHcjiiA0hiMqgsGpw_HrYDsGL1gxg_432361_434589.wav,AneesaSmith_UCUek6yHcjiiA0hiMqgsGpw_HrYDsGL1gxg,432361,434589,2228,66,I will leave her contact information um in the,1,0,0,0,0,0,0,RP,2021-06-25 19:03:49.363497
AneesaSmith_UCUek6yHcjiiA0hiMqgsGpw_HrYDsGL1gxg_434733_444705.wav,AneesaSmith_UCUek6yHcjiiA0hiMqgsGpw_HrYDsGL1gxg,434733,444705,9972,67,description box below but she does a really good job- she's a really good job shaping them and just like filling them in and like making them like the shape that I want so I mean definitely having a good,1,0,0,0,0,0,0,RP,2021-06-25 19:04:24.562938
AneesaSmith_UCUek6yHcjiiA0hiMqgsGpw_HrYDsGL1gxg_444961_457715.wav,AneesaSmith_UCUek6yHcjiiA0hiMqgsGpw_HrYDsGL1gxg,444961,457715,12754,68,eye brow specialist is good but um as far as filling them in I usually just use like a pencil I will fill in um like the sparse areas and then I'll go in with a powder and just like fill in with a powder,1,0,0,0,0,0,0,RP,2021-06-25 19:04:48.964586
AneesaSmith_UCUek6yHcjiiA0hiMqgsGpw_HrYDsGL1gxg_457843_458859.wav,AneesaSmith_UCUek6yHcjiiA0hiMqgsGpw_HrYDsGL1gxg,457843,458859,1016,69,so that's what I do,1,0,0,0,0,0,0,RP,2021-06-25 19:05:00.411059
AneesaSmith_UCUek6yHcjiiA0hiMqgsGpw_HrYDsGL1gxg_459003_463733.wav,AneesaSmith_UCUek6yHcjiiA0hiMqgsGpw_HrYDsGL1gxg,459003,463733,4730,70,okay next question is how long have you been doing makeup I have been doing makeup um,1,0,0,0,0,0,0,RP,2021-06-25 19:05:28.795311
AneesaSmith_UCUek6yHcjiiA0hiMqgsGpw_HrYDsGL1gxg_463885_467557.wav,AneesaSmith_UCUek6yHcjiiA0hiMqgsGpw_HrYDsGL1gxg,463885,467557,3672,71,I started in January of twenty fifteen so just over three years,1,0,0,0,0,0,0,RP,2021-06-25 19:05:38.121179
AneesaSmith_UCUek6yHcjiiA0hiMqgsGpw_HrYDsGL1gxg_467749_480533.wav,AneesaSmith_UCUek6yHcjiiA0hiMqgsGpw_HrYDsGL1gxg,467749,480533,12784,72,I've been working on bridal parties and I'm pretty sure for just over two years um I- I wanted to try and get as much experience as I could before I like went full on in to like doing Bridal parties and we- a wedding makeup and stuff like that because that was like a huge,1,0,0,0,0,0,0,RP,2021-06-25 19:06:11.015726
AneesaSmith_UCUek6yHcjiiA0hiMqgsGpw_HrYDsGL1gxg_480925_481993.wav,AneesaSmith_UCUek6yHcjiiA0hiMqgsGpw_HrYDsGL1gxg,480925,481993,1068,73,step for me,1,0,0,0,0,0,0,RP,2021-06-25 19:06:17.844245
AneesaSmith_UCUek6yHcjiiA0hiMqgsGpw_HrYDsGL1gxg_482713_490525.wav,AneesaSmith_UCUek6yHcjiiA0hiMqgsGpw_HrYDsGL1gxg,482713,490525,7812,74,but yeah I've been doing makeup um since January twenty fifteen <unk> is when I like started my journey that's when I was like this_unc is what I want to do this is what I'm gonna do and then I went for it,1,0,0,0,0,0,0,RP,2021-06-25 19:07:49.203732
AneesaSmith_UCUek6yHcjiiA0hiMqgsGpw_HrYDsGL1gxg_490781_492585.wav,AneesaSmith_UCUek6yHcjiiA0hiMqgsGpw_HrYDsGL1gxg,490781,492585,1804,75,okay next question is um,1,0,0,0,0,0,0,RP,2021-06-25 19:07:58.084271
AneesaSmith_UCUek6yHcjiiA0hiMqgsGpw_HrYDsGL1gxg_492969_497537.wav,AneesaSmith_UCUek6yHcjiiA0hiMqgsGpw_HrYDsGL1gxg,492969,497537,4568,76,wait she has three <lgh> what is your favorite store to shop at um,1,0,0,0,0,0,0,RP,2021-06-25 19:08:17.358034
AneesaSmith_UCUek6yHcjiiA0hiMqgsGpw_HrYDsGL1gxg_497801_498369.wav,AneesaSmith_UCUek6yHcjiiA0hiMqgsGpw_HrYDsGL1gxg,497801,498369,568,77,oh my gosh,1,0,0,0,0,0,0,RP,2021-06-25 19:08:23.893054
AneesaSmith_UCUek6yHcjiiA0hiMqgsGpw_HrYDsGL1gxg_498785_499273.wav,AneesaSmith_UCUek6yHcjiiA0hiMqgsGpw_HrYDsGL1gxg,498785,499273,488,78,,0,0,0,0,0,1,0,RP,2021-06-25 19:08:28.805565
AneesaSmith_UCUek6yHcjiiA0hiMqgsGpw_HrYDsGL1gxg_499833_506945.wav,AneesaSmith_UCUek6yHcjiiA0hiMqgsGpw_HrYDsGL1gxg,499833,506945,7112,79,I love forever twenty one like I said I really really love that but I also love- um I love Hobby Lobby oh my gosh I love hobby lo-,1,0,0,0,0,0,0,RP,2021-06-25 19:09:01.328809
AneesaSmith_UCUek6yHcjiiA0hiMqgsGpw_HrYDsGL1gxg_507201_515257.wav,AneesaSmith_UCUek6yHcjiiA0hiMqgsGpw_HrYDsGL1gxg,507201,515257,8056,80,and I love- um I love like Marshalls and TJ maxx because they just have everything but I also obviously love Target I'm a such a target girl I'm a targetaholic,1,0,0,0,0,0,0,RP,2021-06-25 19:09:33.270479
AneesaSmith_UCUek6yHcjiiA0hiMqgsGpw_HrYDsGL1gxg_516137_516441.wav,AneesaSmith_UCUek6yHcjiiA0hiMqgsGpw_HrYDsGL1gxg,516137,516441,304,81,that's-,1,0,0,0,0,0,0,RP,2021-06-25 19:09:43.006747
AneesaSmith_UCUek6yHcjiiA0hiMqgsGpw_HrYDsGL1gxg_516721_517401.wav,AneesaSmith_UCUek6yHcjiiA0hiMqgsGpw_HrYDsGL1gxg,516721,517401,680,82,I just made that up,1,0,0,0,0,0,0,RP,2021-06-25 19:09:55.368425
AneesaSmith_UCUek6yHcjiiA0hiMqgsGpw_HrYDsGL1gxg_518105_518209.wav,AneesaSmith_UCUek6yHcjiiA0hiMqgsGpw_HrYDsGL1gxg,518105,518209,104,83,,0,0,0,0,0,1,0,RP,2021-06-25 19:09:58.560170
AneesaSmith_UCUek6yHcjiiA0hiMqgsGpw_HrYDsGL1gxg_518361_521385.wav,AneesaSmith_UCUek6yHcjiiA0hiMqgsGpw_HrYDsGL1gxg,518361,521385,3024,84,what tips do you have for ladies who want to start freelancing,1,0,0,0,0,0,0,RP,2021-06-25 19:10:29.171004
AneesaSmith_UCUek6yHcjiiA0hiMqgsGpw_HrYDsGL1gxg_521529_523721.wav,AneesaSmith_UCUek6yHcjiiA0hiMqgsGpw_HrYDsGL1gxg,521529,523721,2192,85,mm that's a good question um,1,0,0,0,0,0,0,RP,2021-06-25 19:10:41.015209
AneesaSmith_UCUek6yHcjiiA0hiMqgsGpw_HrYDsGL1gxg_523849_534969.wav,AneesaSmith_UCUek6yHcjiiA0hiMqgsGpw_HrYDsGL1gxg,523849,534969,11120,86,I think if I had tips my first tip would be to save your money because makeup is so expensive um and especially if you want to have like a kit and you want to like be working on other people makeup is a not cheap I can't even tell you how many,1,0,0,0,0,0,0,RP,2021-06-25 19:11:22.794986
AneesaSmith_UCUek6yHcjiiA0hiMqgsGpw_HrYDsGL1gxg_535209_547857.wav,AneesaSmith_UCUek6yHcjiiA0hiMqgsGpw_HrYDsGL1gxg,535209,547857,12648,87,many many dollars I've spent on makeup and stuff like that because you have to take into consideration you have to get different colors you have to get different you know like foundation shades concealer shades you have to get bunch of different palettes and you know you try to get,1,0,0,0,0,0,0,RP,2021-06-25 19:11:50.979690
AneesaSmith_UCUek6yHcjiiA0hiMqgsGpw_HrYDsGL1gxg_548177_553803.wav,AneesaSmith_UCUek6yHcjiiA0hiMqgsGpw_HrYDsGL1gxg,548177,553803,5626,88,I me- I mean you try to get as many things as you can to be like as a versatile as you can possibly be because you're gonna be working on so many different,1,0,0,0,0,0,0,RP,2021-06-25 19:12:07.212730
AneesaSmith_UCUek6yHcjiiA0hiMqgsGpw_HrYDsGL1gxg_553987_565405.wav,AneesaSmith_UCUek6yHcjiiA0hiMqgsGpw_HrYDsGL1gxg,553987,565405,11418,89,-ple so my first tip would probably be to save your money because it's expensive and it's a very- it's a very expensive hobby turned into which can turn into a job if that's what you're wanting to go for,1,0,0,0,0,0,0,RP,2021-06-25 19:12:49.756526
AneesaSmith_UCUek6yHcjiiA0hiMqgsGpw_HrYDsGL1gxg_565781_570918.wav,AneesaSmith_UCUek6yHcjiiA0hiMqgsGpw_HrYDsGL1gxg,565781,570918,5137,90,um so definitely save your money and also like I said earlier get as much experience as you can um,1,0,0,0,0,0,0,RP,2021-06-25 19:13:11.163409
AneesaSmith_UCUek6yHcjiiA0hiMqgsGpw_HrYDsGL1gxg_571062_576023.wav,AneesaSmith_UCUek6yHcjiiA0hiMqgsGpw_HrYDsGL1gxg,571062,576023,4961,91,my biggest thing is people_unc sometimes ask me this they're like how much should I start charging like I'm just starting out blah blah blah,1,0,1,0,0,0,0,RP,2021-06-25 19:14:07.825891
AneesaSmith_UCUek6yHcjiiA0hiMqgsGpw_HrYDsGL1gxg_576271_583856.wav,AneesaSmith_UCUek6yHcjiiA0hiMqgsGpw_HrYDsGL1gxg,576271,583856,7585,92,don't charge them anything because if you don't know what you're doing I feel like that's kind of not fair for you to be like charging at the same time I understand that makeup costs money,1,0,0,0,0,0,0,RP,2021-06-25 19:14:24.684828
AneesaSmith_UCUek6yHcjiiA0hiMqgsGpw_HrYDsGL1gxg_584072_594136.wav,AneesaSmith_UCUek6yHcjiiA0hiMqgsGpw_HrYDsGL1gxg,584072,594136,10064,93,but when I first started freelancing I would have people bring me all of their own products and like the problem with that sometimes too is people don't have the right stuff like maybe they don't have the right color maybe I don't have that shade for their like skin tone,1,0,0,0,0,0,0,RP,2021-06-25 19:14:44.919359
AneesaSmith_UCUek6yHcjiiA0hiMqgsGpw_HrYDsGL1gxg_594232_601441.wav,AneesaSmith_UCUek6yHcjiiA0hiMqgsGpw_HrYDsGL1gxg,594232,601441,7209,94,it happens but if you're trying to like just get the experience of working with different products and different people and different faces I would say have them-,1,0,0,0,0,0,0,RP,2021-06-25 19:15:22.134555
AneesaSmith_UCUek6yHcjiiA0hiMqgsGpw_HrYDsGL1gxg_601881_605441.wav,AneesaSmith_UCUek6yHcjiiA0hiMqgsGpw_HrYDsGL1gxg,601881,605441,3560,95,um don't charge them first of all but then I would say to,1,0,0,0,0,0,0,RP,2021-06-25 19:15:33.968511
AneesaSmith_UCUek6yHcjiiA0hiMqgsGpw_HrYDsGL1gxg_605657_609802.wav,AneesaSmith_UCUek6yHcjiiA0hiMqgsGpw_HrYDsGL1gxg,605657,609802,4145,96,y'know have- a- have- use their stuff instead of like buying a crap ton of stuff and like,1,0,0,0,0,0,0,RP,2021-06-25 19:15:54.479930
AneesaSmith_UCUek6yHcjiiA0hiMqgsGpw_HrYDsGL1gxg_609922_623091.wav,AneesaSmith_UCUek6yHcjiiA0hiMqgsGpw_HrYDsGL1gxg,609922,623091,13169,97,not really maybe not knowing at what to do with it yet sorry there was something floating right here but I would say um use the client's products use the stuff that they have so then they- that way they can learn to use like what they have so they don't have to say it you don't have to tell them like okay,1,0,0,0,0,0,0,RP,2021-06-25 19:16:47.903982
AneesaSmith_UCUek6yHcjiiA0hiMqgsGpw_HrYDsGL1gxg_623381_626529.wav,AneesaSmith_UCUek6yHcjiiA0hiMqgsGpw_HrYDsGL1gxg,623381,626529,3148,98,here's_unn what_unn you_unn need_unn go_unn out_unn and_unn spend_unn five_unn hundred_unn dollars_unn on_unn like_unn all_unn this_unn stuff_unn because_unn,0,0,0,1,0,0,0,RP,2021-06-25 19:18:24.255891
AneesaSmith_UCUek6yHcjiiA0hiMqgsGpw_HrYDsGL1gxg_626721_636817.wav,AneesaSmith_UCUek6yHcjiiA0hiMqgsGpw_HrYDsGL1gxg,626721,636817,10096,99,you know it's expensive so that's how probably what I would say is um I- I didn't charge people when I first started because I just didn't- I didn't know what I was doing you know so I wanted to just get that experience before I was like,1,0,0,0,0,0,0,RP,2021-06-25 19:19:21.479242
AneesaSmith_UCUek6yHcjiiA0hiMqgsGpw_HrYDsGL1gxg_637081_640097.wav,AneesaSmith_UCUek6yHcjiiA0hiMqgsGpw_HrYDsGL1gxg,637081,640097,3016,100,okay_unn fork_unn it_unn over_unn you know that I mean just I mean things to think about,1,0,0,1,0,0,0,RP,2021-06-25 19:19:45.277522
AneesaSmith_UCUek6yHcjiiA0hiMqgsGpw_HrYDsGL1gxg_640233_643857.wav,AneesaSmith_UCUek6yHcjiiA0hiMqgsGpw_HrYDsGL1gxg,640233,643857,3624,101,alrighty the next question is um I love the way you do makeup how did s-,1,0,0,0,0,0,0,RP,2021-06-25 19:20:02.310165
AneesaSmith_UCUek6yHcjiiA0hiMqgsGpw_HrYDsGL1gxg_643993_654849.wav,AneesaSmith_UCUek6yHcjiiA0hiMqgsGpw_HrYDsGL1gxg,643993,654849,10856,102,you how did you get inspired to start doing makeup for others thank you I got started doing makeup like I said in um about three- just over three years ago and I was actually in the Target aisle and I was just like,1,0,0,0,0,0,0,RP,2021-06-25 19:20:24.378512
AneesaSmith_UCUek6yHcjiiA0hiMqgsGpw_HrYDsGL1gxg_655017_658897.wav,AneesaSmith_UCUek6yHcjiiA0hiMqgsGpw_HrYDsGL1gxg,655017,658897,3880,103,I was- I- I had to buy like new makeup and stuff because that was when I bought all my stuff at,1,0,0,0,0,0,0,RP,2021-06-25 19:53:42.923502
AneesaSmith_UCUek6yHcjiiA0hiMqgsGpw_HrYDsGL1gxg_659161_659785.wav,AneesaSmith_UCUek6yHcjiiA0hiMqgsGpw_HrYDsGL1gxg,659161,659785,624,104,oh my god my lash,1,0,0,0,0,0,0,RP,2021-06-25 19:53:53.439825
AneesaSmith_UCUek6yHcjiiA0hiMqgsGpw_HrYDsGL1gxg_660545_669145.wav,AneesaSmith_UCUek6yHcjiiA0hiMqgsGpw_HrYDsGL1gxg,660545,669145,8600,105,yeah sorry that's when I bought all my makeup um at the drugstore like just at Target and I was standing in the aisle and I thought you know I think it'd be really fun to just like buy,1,0,0,0,0,0,0,RP,2021-06-25 19:54:31.226312
AneesaSmith_UCUek6yHcjiiA0hiMqgsGpw_HrYDsGL1gxg_669361_671713.wav,AneesaSmith_UCUek6yHcjiiA0hiMqgsGpw_HrYDsGL1gxg,669361,671713,2352,106,new stuff like I'm just gonna throw out everything I have,1,0,0,0,0,0,0,RP,2021-06-25 19:54:43.018520
AneesaSmith_UCUek6yHcjiiA0hiMqgsGpw_HrYDsGL1gxg_672057_678397.wav,AneesaSmith_UCUek6yHcjiiA0hiMqgsGpw_HrYDsGL1gxg,672057,678397,6340,107,and I'm just gonna start over like I'm just gonna buy new product and just like try it out and see how I like it and all that stuff just kind of experiment with new things,1,0,0,0,0,0,0,RP,2021-06-25 19:55:10.812501
AneesaSmith_UCUek6yHcjiiA0hiMqgsGpw_HrYDsGL1gxg_678565_682341.wav,AneesaSmith_UCUek6yHcjiiA0hiMqgsGpw_HrYDsGL1gxg,678565,682341,3776,108,and so I went home and I like was trying on all this makeup and I thought wow_unn this_unn is_unn like_unn so_unn much_unn fun_unn like_unn,1,0,0,1,0,0,0,RP,2021-06-25 19:55:57.990426
AneesaSmith_UCUek6yHcjiiA0hiMqgsGpw_HrYDsGL1gxg_682509_687889.wav,AneesaSmith_UCUek6yHcjiiA0hiMqgsGpw_HrYDsGL1gxg,682509,687889,5380,109,finding new stuff and like figuring out like new ways to do things and like new products to use and I think that's kind of what like,1,0,0,0,0,0,0,RP,2021-06-25 19:56:20.670831
AneesaSmith_UCUek6yHcjiiA0hiMqgsGpw_HrYDsGL1gxg_688193_693081.wav,AneesaSmith_UCUek6yHcjiiA0hiMqgsGpw_HrYDsGL1gxg,688193,693081,4888,110,made me feel like I kind of want to start doing this like on regular basis like if I started working on people and like,1,0,0,0,0,0,0,RP,2021-06-25 19:56:36.039953
AneesaSmith_UCUek6yHcjiiA0hiMqgsGpw_HrYDsGL1gxg_693705_695881.wav,AneesaSmith_UCUek6yHcjiiA0hiMqgsGpw_HrYDsGL1gxg,693705,695881,2176,111,I knew that I was gonna- I knew that I was gonna have to,1,0,0,0,0,0,0,RP,2021-06-25 19:56:54.177321
AneesaSmith_UCUek6yHcjiiA0hiMqgsGpw_HrYDsGL1gxg_696057_704385.wav,AneesaSmith_UCUek6yHcjiiA0hiMqgsGpw_HrYDsGL1gxg,696057,704385,8328,112,figure out like different ways to do things and I loved like learning I feel like that's what I love the most about makeup is because it's just- it's never one thing it's always changing it's always like something new,1,0,0,0,0,0,0,RP,2021-06-25 19:57:20.288137
AneesaSmith_UCUek6yHcjiiA0hiMqgsGpw_HrYDsGL1gxg_704665_711977.wav,AneesaSmith_UCUek6yHcjiiA0hiMqgsGpw_HrYDsGL1gxg,704665,711977,7312,113,it's always fun it's always exciting and there's always so much to learn like I feel like I just never stopped learning in this industry like which is so cool and,1,0,0,0,0,0,0,RP,2021-06-25 19:58:11.369191
AneesaSmith_UCUek6yHcjiiA0hiMqgsGpw_HrYDsGL1gxg_712289_722665.wav,AneesaSmith_UCUek6yHcjiiA0hiMqgsGpw_HrYDsGL1gxg,712289,722665,10376,114,I think um I think that's probably what started like what made me want to start doing people makeup on other people is just the fact that I wanted to like learn more about how to do stuff and I,1,0,0,0,0,0,0,RP,2021-06-25 19:59:11.047261
AneesaSmith_UCUek6yHcjiiA0hiMqgsGpw_HrYDsGL1gxg_722825_729769.wav,AneesaSmith_UCUek6yHcjiiA0hiMqgsGpw_HrYDsGL1gxg,722825,729769,6944,115,obviously love makeup I love applying it on people on myself I love doing videos and stuff like that I think I wanted to just find out you know how-,1,0,0,0,0,0,0,RP,2021-06-25 19:59:49.251414
AneesaSmith_UCUek6yHcjiiA0hiMqgsGpw_HrYDsGL1gxg_729969_735545.wav,AneesaSmith_UCUek6yHcjiiA0hiMqgsGpw_HrYDsGL1gxg,729969,735545,5576,116,how I could better myself and how I could better the skill and the skills that you that I need to do makeup so,1,0,0,0,0,0,0,RP,2021-06-25 20:00:10.602096
AneesaSmith_UCUek6yHcjiiA0hiMqgsGpw_HrYDsGL1gxg_735801_736977.wav,AneesaSmith_UCUek6yHcjiiA0hiMqgsGpw_HrYDsGL1gxg,735801,736977,1176,117,I think that's probably why,1,0,0,0,0,0,0,RP,2021-06-25 20:00:20.678479
AneesaSmith_UCUek6yHcjiiA0hiMqgsGpw_HrYDsGL1gxg_737241_746073.wav,AneesaSmith_UCUek6yHcjiiA0hiMqgsGpw_HrYDsGL1gxg,737241,746073,8832,118,okay next question is how did you first get into freelancing what are some tips you've learned along the way regarding freelancing and being prepared for clients I feel like some tips that I've learned um,1,0,0,0,0,0,0,RP,2021-06-25 20:00:41.251611
AneesaSmith_UCUek6yHcjiiA0hiMqgsGpw_HrYDsGL1gxg_746257_760057.wav,AneesaSmith_UCUek6yHcjiiA0hiMqgsGpw_HrYDsGL1gxg,746257,760057,13800,119,is to really plan ahead uh I feel like once I have like a wedding coming up I'm like that whole week I'm like okay_unn do_unn I_unn have_unn this_unn do_unn I_unn have_unn this_unn I_unn have_unn this_unn do_unn I_unn have_unn this_unn do_unn I_unn have_unn enough_unn lashes_unn do_unn I_unn have_unn enough_unn mascara_unn do_unn i_unn have_unn enough_unn you know like you just always are trying to like go over everything in your head um,1,0,0,1,0,0,0,RP,2021-06-25 20:03:08.084815
AneesaSmith_UCUek6yHcjiiA0hiMqgsGpw_HrYDsGL1gxg_760257_768579.wav,AneesaSmith_UCUek6yHcjiiA0hiMqgsGpw_HrYDsGL1gxg,760257,768579,8322,120,but I definitely would say like being prepared and if you're not like an organized person like start trying to be organized because once you go out and you're freelancing,1,0,0,0,0,0,0,RP,2021-06-25 20:03:24.826271
AneesaSmith_UCUek6yHcjiiA0hiMqgsGpw_HrYDsGL1gxg_768707_779525.wav,AneesaSmith_UCUek6yHcjiiA0hiMqgsGpw_HrYDsGL1gxg,768707,779525,10818,121,people are relying on you for something that was like big as like getting them ready for their wedding or getting them ready for prom or getting ready for formal or whatever it may be it's like a lot of pressure and it can be pressure and when I first started I was always like,1,0,0,0,0,0,0,RP,2021-06-25 20:03:49.709053
AneesaSmith_UCUek6yHcjiiA0hiMqgsGpw_HrYDsGL1gxg_779661_784241.wav,AneesaSmith_UCUek6yHcjiiA0hiMqgsGpw_HrYDsGL1gxg,779661,784241,4580,122,am_unn i_unn doing_unn it_unn right_unn like_unn am_unn i_unn okay_unn like y'know I was trying to like I haven't I always second guessing myself but,1,0,0,1,0,0,0,RP,2021-06-25 20:04:54.678065
AneesaSmith_UCUek6yHcjiiA0hiMqgsGpw_HrYDsGL1gxg_784697_795193.wav,AneesaSmith_UCUek6yHcjiiA0hiMqgsGpw_HrYDsGL1gxg,784697,795193,10496,123,I think some tips um like I kind of mentioned earlier is to like save your money if you want to do freelancing it costs a lot of money as like a startup thing um because you need so much product and you need so many like,1,0,0,0,0,0,0,RP,2021-06-25 20:05:19.062038
AneesaSmith_UCUek6yHcjiiA0hiMqgsGpw_HrYDsGL1gxg_795433_795549.wav,AneesaSmith_UCUek6yHcjiiA0hiMqgsGpw_HrYDsGL1gxg,795433,795549,116,124,,0,0,0,0,0,0,0,RP,2021-06-25 20:05:26.632617
AneesaSmith_UCUek6yHcjiiA0hiMqgsGpw_HrYDsGL1gxg_795677_806847.wav,AneesaSmith_UCUek6yHcjiiA0hiMqgsGpw_HrYDsGL1gxg,795677,806847,11170,125,so many like so many things of everything like you just need multiples i- it's like you're buying the stuff in bulk it's literally like I have I can't even tell you how many foundation tubes I have in these drawers like it's ridiculous,1,0,0,0,0,0,0,RP,2021-06-25 20:06:02.722121
AneesaSmith_UCUek6yHcjiiA0hiMqgsGpw_HrYDsGL1gxg_806951_813815.wav,AneesaSmith_UCUek6yHcjiiA0hiMqgsGpw_HrYDsGL1gxg,806951,813815,6864,126,you just have to really be prepared um with- for like how much money you're gonna spend if this is something that you want to get into it's not cheap,1,0,0,0,0,0,0,RP,2021-06-25 20:06:27.698369
AneesaSmith_UCUek6yHcjiiA0hiMqgsGpw_HrYDsGL1gxg_813935_814687.wav,AneesaSmith_UCUek6yHcjiiA0hiMqgsGpw_HrYDsGL1gxg,813935,814687,752,127,um,0,0,0,0,0,0,0,RP,2021-06-25 20:06:32.526481
AneesaSmith_UCUek6yHcjiiA0hiMqgsGpw_HrYDsGL1gxg_814791_823897.wav,AneesaSmith_UCUek6yHcjiiA0hiMqgsGpw_HrYDsGL1gxg,814791,823897,9106,128,the more experience you get the more you can um obviously like you can start charging people you can- I and I wouldn't like I think when I first started I charged like,1,0,0,0,0,0,0,RP,2021-06-25 20:06:57.654236
AneesaSmith_UCUek6yHcjiiA0hiMqgsGpw_HrYDsGL1gxg_824185_824885.wav,AneesaSmith_UCUek6yHcjiiA0hiMqgsGpw_HrYDsGL1gxg,824185,824885,700,129,oh my gosh like,1,0,0,0,0,0,0,RP,2021-06-25 20:07:05.214077
AneesaSmith_UCUek6yHcjiiA0hiMqgsGpw_HrYDsGL1gxg_825093_832333.wav,AneesaSmith_UCUek6yHcjiiA0hiMqgsGpw_HrYDsGL1gxg,825093,832333,7240,130,thirty five or forty dollars like and that was like the base like this is y'know you can have me do whatever you want and like now obviously,1,0,0,0,0,0,0,RP,2021-06-25 20:07:28.947560
AneesaSmith_UCUek6yHcjiiA0hiMqgsGpw_HrYDsGL1gxg_832469_836621.wav,AneesaSmith_UCUek6yHcjiiA0hiMqgsGpw_HrYDsGL1gxg,832469,836621,4152,131,years later my prices have changed but you have to you have to be really realistic,1,0,0,0,0,0,0,RP,2021-06-25 20:07:52.174777
AneesaSmith_UCUek6yHcjiiA0hiMqgsGpw_HrYDsGL1gxg_836917_845941.wav,AneesaSmith_UCUek6yHcjiiA0hiMqgsGpw_HrYDsGL1gxg,836917,845941,9024,132,um when you first start out in my opinion because you can't be like okay_unn day_unn one_unn I'm_unn gonna_unn be_unn a_unn makeup_unn artist_unn today_unn and_unn I'm_unn gonna_unn charge_unn a_unn hundred_unn and_unn twenty_unn five_unn dollars_unn like you just doesn't work like that because people are not gonna like,1,0,0,1,0,0,0,RP,2021-06-25 20:09:02.204228
AneesaSmith_UCUek6yHcjiiA0hiMqgsGpw_HrYDsGL1gxg_846093_852863.wav,AneesaSmith_UCUek6yHcjiiA0hiMqgsGpw_HrYDsGL1gxg,846093,852863,6770,133,people are not gonna pay that but I think yeah those are probably my two biggest tips um another tip that I really have is to take pictures of your work,1,0,0,0,0,0,0,RP,2021-06-25 20:10:03.236481
AneesaSmith_UCUek6yHcjiiA0hiMqgsGpw_HrYDsGL1gxg_852943_853167.wav,AneesaSmith_UCUek6yHcjiiA0hiMqgsGpw_HrYDsGL1gxg,852943,853167,224,134,,0,0,0,0,0,1,0,RP,2021-06-25 20:10:11.475376
AneesaSmith_UCUek6yHcjiiA0hiMqgsGpw_HrYDsGL1gxg_853255_855935.wav,AneesaSmith_UCUek6yHcjiiA0hiMqgsGpw_HrYDsGL1gxg,853255,855935,2680,135,because I think that's how- I mean that is how like I,1,0,0,0,0,0,0,RP,2021-06-25 20:10:36.913854
AneesaSmith_UCUek6yHcjiiA0hiMqgsGpw_HrYDsGL1gxg_856023_862567.wav,AneesaSmith_UCUek6yHcjiiA0hiMqgsGpw_HrYDsGL1gxg,856023,862567,6544,136,came to be like where I'm at now is through Instagram and people you know some of my friends are always like why_unn do_unn you_unn take_unn instagram_unn so_unn seriously_unn,1,0,0,1,0,0,0,RP,2021-06-25 20:11:20.620515
AneesaSmith_UCUek6yHcjiiA0hiMqgsGpw_HrYDsGL1gxg_862655_873337.wav,AneesaSmith_UCUek6yHcjiiA0hiMqgsGpw_HrYDsGL1gxg,862655,873337,10682,137,you're_unn so_unn dumb_unn and I'm like um_unn because_unn that's_unn my_unn job_unn it's_unn like_unn literally_unn my_unn job_unn that's_unn how_unn I_unn make_unn money_unn and it's like through Instagram um not like literally through Instagram but because I post pictures of clients and like  y'know whatever I'm doing,1,0,0,1,0,0,0,RP,2021-06-25 20:12:48.002907
AneesaSmith_UCUek6yHcjiiA0hiMqgsGpw_HrYDsGL1gxg_873577_887257.wav,AneesaSmith_UCUek6yHcjiiA0hiMqgsGpw_HrYDsGL1gxg,873577,887257,13680,138,y'know people really get to know you through social media they really get to see your work like firsthand so I think that's definitely like if you want to like take this thing seriously you want to be a freelance makeup artist I'd create accou- create an account create your own like personal Beauty account like I- I wouldn't-,1,0,0,0,0,0,0,RP,2021-06-25 20:13:29.540340
AneesaSmith_UCUek6yHcjiiA0hiMqgsGpw_HrYDsGL1gxg_887393_887953.wav,AneesaSmith_UCUek6yHcjiiA0hiMqgsGpw_HrYDsGL1gxg,887393,887953,560,139,I don't know-,1,0,0,0,0,0,0,RP,2021-06-25 20:13:36.775579
AneesaSmith_UCUek6yHcjiiA0hiMqgsGpw_HrYDsGL1gxg_888657_899369.wav,AneesaSmith_UCUek6yHcjiiA0hiMqgsGpw_HrYDsGL1gxg,888657,899369,10712,140,I have mixed feelings about like linking it to like your main account like if you're just like posting about like here's_unn my_unn margarita_unn on_unn a_unn Tuesday_unn like I think if people are gonna want to like see your work work like you should have something separate,1,0,0,1,0,0,0,RP,2021-06-25 20:14:17.590444
AneesaSmith_UCUek6yHcjiiA0hiMqgsGpw_HrYDsGL1gxg_899465_909362.wav,AneesaSmith_UCUek6yHcjiiA0hiMqgsGpw_HrYDsGL1gxg,899465,909362,9897,141,um that's what I kind of did when I first started like I just had my makeup page I didn't have like another Instagram and now like I- I kind of like- I kind of mix things every now and then but I have like my one for like,1,0,0,0,0,0,0,RP,2021-06-25 20:14:43.266613
AneesaSmith_UCUek6yHcjiiA0hiMqgsGpw_HrYDsGL1gxg_909522_910538.wav,AneesaSmith_UCUek6yHcjiiA0hiMqgsGpw_HrYDsGL1gxg,909522,910538,1016,142,here is my work makeup,1,0,0,0,0,0,0,RP,2021-06-25 20:15:36.833047
AneesaSmith_UCUek6yHcjiiA0hiMqgsGpw_HrYDsGL1gxg_910794_919515.wav,AneesaSmith_UCUek6yHcjiiA0hiMqgsGpw_HrYDsGL1gxg,910794,919515,8721,143,here is my work Instagram and then I have another one where it's like here's my margarita on a Tuesday but definitely utilizing social media was so big and so important for me and really really helped me,1,0,0,0,0,0,0,RP,2021-06-25 20:15:54.376709
AneesaSmith_UCUek6yHcjiiA0hiMqgsGpw_HrYDsGL1gxg_919755_926487.wav,AneesaSmith_UCUek6yHcjiiA0hiMqgsGpw_HrYDsGL1gxg,919755,926487,6732,144,tremendously and getting my name out there and having other people see my work and having y'know that's- that's just how I built up,1,0,0,0,0,0,0,RP,2021-06-25 20:16:09.486198
AneesaSmith_UCUek6yHcjiiA0hiMqgsGpw_HrYDsGL1gxg_926623_931307.wav,AneesaSmith_UCUek6yHcjiiA0hiMqgsGpw_HrYDsGL1gxg,926623,931307,4684,145,I wouldn't say it clientele because it's not necessarily like I don't have too many repeat clients just because like,1,0,0,0,0,0,0,RP,2021-06-25 20:16:35.977835
AneesaSmith_UCUek6yHcjiiA0hiMqgsGpw_HrYDsGL1gxg_931443_934019.wav,AneesaSmith_UCUek6yHcjiiA0hiMqgsGpw_HrYDsGL1gxg,931443,934019,2576,146,you really don't get your makeup done for like a wedding like,1,0,0,0,0,0,0,RP,2021-06-25 20:16:57.382595
AneesaSmith_UCUek6yHcjiiA0hiMqgsGpw_HrYDsGL1gxg_934235_938596.wav,AneesaSmith_UCUek6yHcjiiA0hiMqgsGpw_HrYDsGL1gxg,934235,938596,4361,147,multiple times I mean maybe you do but like I mean think about if you're a bridal party like how many-,1,0,0,0,0,0,0,RP,2021-06-25 20:17:14.798315
AneesaSmith_UCUek6yHcjiiA0hiMqgsGpw_HrYDsGL1gxg_938748_946196.wav,AneesaSmith_UCUek6yHcjiiA0hiMqgsGpw_HrYDsGL1gxg,938748,946196,7448,148,how many weddings are you really in y'know what I mean like you just don't- like it's not like hair or you have to get it done like every three months I think it was kind of a little bit different but like I did,1,0,0,0,0,0,0,RP,2021-06-25 20:17:36.345097
AneesaSmith_UCUek6yHcjiiA0hiMqgsGpw_HrYDsGL1gxg_946348_952685.wav,AneesaSmith_UCUek6yHcjiiA0hiMqgsGpw_HrYDsGL1gxg,946348,952685,6337,149,get my name out there and people started knowing me more because of social media so I would definitely say to utilize social media as well,1,0,0,0,0,0,0,RP,2021-06-25 20:17:49.789664
AneesaSmith_UCUek6yHcjiiA0hiMqgsGpw_HrYDsGL1gxg_953085_954893.wav,AneesaSmith_UCUek6yHcjiiA0hiMqgsGpw_HrYDsGL1gxg,953085,954893,1808,150,okay just a few more questions here,1,0,0,0,0,0,0,RP,2021-06-25 20:17:58.639442
AneesaSmith_UCUek6yHcjiiA0hiMqgsGpw_HrYDsGL1gxg_955149_955293.wav,AneesaSmith_UCUek6yHcjiiA0hiMqgsGpw_HrYDsGL1gxg,955149,955293,144,151,,0,0,0,0,0,1,0,RP,2021-06-25 20:18:07.043336
AneesaSmith_UCUek6yHcjiiA0hiMqgsGpw_HrYDsGL1gxg_955597_969393.wav,AneesaSmith_UCUek6yHcjiiA0hiMqgsGpw_HrYDsGL1gxg,955597,969393,13796,152,um I have a question about spray tans I rarely get them so I never know what's the best way to prep your skin for them what do you suggest okay so I get spray tans very regularly um what I do is I make sure to exfoliate my skin,1,0,0,0,0,0,0,RP,2021-06-25 20:18:46.309786
AneesaSmith_UCUek6yHcjiiA0hiMqgsGpw_HrYDsGL1gxg_969793_970481.wav,AneesaSmith_UCUek6yHcjiiA0hiMqgsGpw_HrYDsGL1gxg,969793,970481,688,153,two-,1,0,0,0,0,0,0,RP,2021-06-25 20:18:57.168055
AneesaSmith_UCUek6yHcjiiA0hiMqgsGpw_HrYDsGL1gxg_970977_971685.wav,AneesaSmith_UCUek6yHcjiiA0hiMqgsGpw_HrYDsGL1gxg,970977,971685,708,154,how do I say this,1,0,0,0,0,0,0,RP,2021-06-25 20:19:04.772154
AneesaSmith_UCUek6yHcjiiA0hiMqgsGpw_HrYDsGL1gxg_971821_984705.wav,AneesaSmith_UCUek6yHcjiiA0hiMqgsGpw_HrYDsGL1gxg,971821,984705,12884,155,um the two days before I get my spray tan so like typically I get my spray tans on Thursday so I'll make sure to exfoliate my skin in the shower on Tuesday and on Wednesday night and then um I usually just shave like the night before um,1,0,0,0,0,0,0,RP,2021-06-25 20:19:25.866549
AneesaSmith_UCUek6yHcjiiA0hiMqgsGpw_HrYDsGL1gxg_985121_993641.wav,AneesaSmith_UCUek6yHcjiiA0hiMqgsGpw_HrYDsGL1gxg,985121,993641,8520,156,so I'll exfoliate my skin and everything on Tuesday and then I will exfoliate and shave also on Wednesday um that's like the best way I-,1,0,0,0,0,0,0,RP,2021-06-25 20:19:52.347196
AneesaSmith_UCUek6yHcjiiA0hiMqgsGpw_HrYDsGL1gxg_993905_994165.wav,AneesaSmith_UCUek6yHcjiiA0hiMqgsGpw_HrYDsGL1gxg,993905,994165,260,157,that's-,1,0,0,0,0,0,0,RP,2021-06-25 20:20:00.003646
AneesaSmith_UCUek6yHcjiiA0hiMqgsGpw_HrYDsGL1gxg_994253_1000605.wav,AneesaSmith_UCUek6yHcjiiA0hiMqgsGpw_HrYDsGL1gxg,994253,1000605,6352,158,that's how it works for me um exfoliating your skin and like obviously shaving is just gonna make everything go on smoother,1,0,0,0,0,0,0,RP,2021-06-25 20:20:25.074095
AneesaSmith_UCUek6yHcjiiA0hiMqgsGpw_HrYDsGL1gxg_1000685_1005109.wav,AneesaSmith_UCUek6yHcjiiA0hiMqgsGpw_HrYDsGL1gxg,1000685,1005109,4424,159,um I'm not like a skincare expert so I really don't know like the technical terms for everything but,1,0,0,0,0,0,0,RP,2021-06-25 20:20:43.444259
AneesaSmith_UCUek6yHcjiiA0hiMqgsGpw_HrYDsGL1gxg_1005189_1014457.wav,AneesaSmith_UCUek6yHcjiiA0hiMqgsGpw_HrYDsGL1gxg,1005189,1014457,9268,160,um I do know that exfoliating really helps this the tan to like stick to your skin better and I exfoliate too primarily because I have a tan on from like,1,0,0,0,0,0,0,RP,2021-06-25 20:21:13.111497
AneesaSmith_UCUek6yHcjiiA0hiMqgsGpw_HrYDsGL1gxg_1014625_1021937.wav,AneesaSmith_UCUek6yHcjiiA0hiMqgsGpw_HrYDsGL1gxg,1014625,1021937,7312,161,before like I already have a little bit of like tan like I can usually always see it like on my arms right here I don't know if like you can really see it but like,1,0,0,0,0,0,0,RP,2021-06-25 20:21:27.766414
AneesaSmith_UCUek6yHcjiiA0hiMqgsGpw_HrYDsGL1gxg_1022049_1032249.wav,AneesaSmith_UCUek6yHcjiiA0hiMqgsGpw_HrYDsGL1gxg,1022049,1032249,10200,162,you see that gets white right here and then it's like dark it's because that's like the tan so I tried like exfoliate my skin so that  the s- the new tan will stay on and to also get rid of the old tan so,1,0,0,0,0,0,0,RP,2021-06-25 20:21:58.533974
AneesaSmith_UCUek6yHcjiiA0hiMqgsGpw_HrYDsGL1gxg_1033033_1033881.wav,AneesaSmith_UCUek6yHcjiiA0hiMqgsGpw_HrYDsGL1gxg,1033033,1033881,848,163,that's what I suggest,1,0,0,0,0,0,0,RP,2021-06-25 20:22:06.737221
AneesaSmith_UCUek6yHcjiiA0hiMqgsGpw_HrYDsGL1gxg_1034025_1046485.wav,AneesaSmith_UCUek6yHcjiiA0hiMqgsGpw_HrYDsGL1gxg,1034025,1046485,12460,164,okay the next question is what are your favorite nude lipsticks actually this is the last question uh my favorite nude lipsticks let me grab them okay my um my number one favorite nude lipstick is this one right here and this is from Tarte,1,0,0,0,0,0,0,RP,2021-06-25 20:22:28.278278
AneesaSmith_UCUek6yHcjiiA0hiMqgsGpw_HrYDsGL1gxg_1046573_1046861.wav,AneesaSmith_UCUek6yHcjiiA0hiMqgsGpw_HrYDsGL1gxg,1046573,1046861,288,165,,0,0,0,0,0,1,0,RP,2021-06-25 20:22:38.795456
AneesaSmith_UCUek6yHcjiiA0hiMqgsGpw_HrYDsGL1gxg_1046949_1054533.wav,AneesaSmith_UCUek6yHcjiiA0hiMqgsGpw_HrYDsGL1gxg,1046949,1054533,7584,166,and I will show you up close what it looks like this is called rum punch and I feel like it looks so good on everybody and I just love lipsticks like that you know,1,0,0,0,0,0,0,RP,2021-06-25 20:23:28.339931
AneesaSmith_UCUek6yHcjiiA0hiMqgsGpw_HrYDsGL1gxg_1054613_1054769.wav,AneesaSmith_UCUek6yHcjiiA0hiMqgsGpw_HrYDsGL1gxg,1054613,1054769,156,167,,0,0,0,0,0,0,1,RP,2021-06-25 20:23:35.877186
AneesaSmith_UCUek6yHcjiiA0hiMqgsGpw_HrYDsGL1gxg_1054881_1056033.wav,AneesaSmith_UCUek6yHcjiiA0hiMqgsGpw_HrYDsGL1gxg,1054881,1056033,1152,168,so this is what it looks like,1,0,0,0,0,0,0,RP,2021-06-25 20:23:45.989939
AneesaSmith_UCUek6yHcjiiA0hiMqgsGpw_HrYDsGL1gxg_1056657_1058089.wav,AneesaSmith_UCUek6yHcjiiA0hiMqgsGpw_HrYDsGL1gxg,1056657,1058089,1432,169,and I will swatch it for you,1,0,0,0,0,0,0,RP,2021-06-25 20:23:56.567656
AneesaSmith_UCUek6yHcjiiA0hiMqgsGpw_HrYDsGL1gxg_1058393_1060489.wav,AneesaSmith_UCUek6yHcjiiA0hiMqgsGpw_HrYDsGL1gxg,1058393,1060489,2096,170,okay so this is what rum punch looks like,1,0,0,0,0,0,0,RP,2021-06-25 20:24:10.145063
AneesaSmith_UCUek6yHcjiiA0hiMqgsGpw_HrYDsGL1gxg_1061025_1067081.wav,AneesaSmith_UCUek6yHcjiiA0hiMqgsGpw_HrYDsGL1gxg,1061025,1067081,6056,171,think it's just like a really pretty pinky nude but like not too pink not too nude you know what I'm saying like I just don't like,1,0,0,0,0,0,0,RP,2021-06-25 20:24:49.057941
AneesaSmith_UCUek6yHcjiiA0hiMqgsGpw_HrYDsGL1gxg_1067497_1075977.wav,AneesaSmith_UCUek6yHcjiiA0hiMqgsGpw_HrYDsGL1gxg,1067497,1075977,8480,172,lipsticks that are too pink and I don't like lip* lipsticks nip sticks lipsticks that are too like browny nude um I also love,1,0,0,0,0,0,0,RP,2021-06-25 20:25:13.573427
AneesaSmith_UCUek6yHcjiiA0hiMqgsGpw_HrYDsGL1gxg_1077177_1083657.wav,AneesaSmith_UCUek6yHcjiiA0hiMqgsGpw_HrYDsGL1gxg,1077177,1083657,6480,173,cream cup from Mac this is more of like a very pinky nude um can you even see that okay wow,1,0,0,0,0,0,0,RP,2021-06-25 20:25:30.008054
AneesaSmith_UCUek6yHcjiiA0hiMqgsGpw_HrYDsGL1gxg_1084025_1090185.wav,AneesaSmith_UCUek6yHcjiiA0hiMqgsGpw_HrYDsGL1gxg,1084025,1090185,6160,174,yeah this is um creme Cup I love to put like a lip liner um like whirl or,1,0,0,0,0,0,0,RP,2021-06-25 20:25:53.520008
AneesaSmith_UCUek6yHcjiiA0hiMqgsGpw_HrYDsGL1gxg_1090537_1096389.wav,AneesaSmith_UCUek6yHcjiiA0hiMqgsGpw_HrYDsGL1gxg,1090537,1096389,5852,175,um I don't even know which_unc other_unc ones_unc that_unc I_unc have_unc but I lo- I usually use whirl and then I will like line them with whirl,1,0,1,0,0,0,0,RP,2021-06-25 20:26:49.803701
AneesaSmith_UCUek6yHcjiiA0hiMqgsGpw_HrYDsGL1gxg_1096557_1098209.wav,AneesaSmith_UCUek6yHcjiiA0hiMqgsGpw_HrYDsGL1gxg,1096557,1098209,1652,176,and then put cream Cup on top of it,1,0,0,0,0,0,0,RP,2021-06-25 20:27:06.799370
AneesaSmith_UCUek6yHcjiiA0hiMqgsGpw_HrYDsGL1gxg_1098969_1103546.wav,AneesaSmith_UCUek6yHcjiiA0hiMqgsGpw_HrYDsGL1gxg,1098969,1103546,4577,177,and then I also love anastasia Beverly Hills um pure Hollywood that's a really really good one,1,0,0,0,0,0,0,RP,2021-06-25 20:27:24.059880
AneesaSmith_UCUek6yHcjiiA0hiMqgsGpw_HrYDsGL1gxg_1103674_1104274.wav,AneesaSmith_UCUek6yHcjiiA0hiMqgsGpw_HrYDsGL1gxg,1103674,1104274,600,178,,0,0,0,0,0,1,0,RP,2021-06-25 20:27:31.506995
AneesaSmith_UCUek6yHcjiiA0hiMqgsGpw_HrYDsGL1gxg_1104274_1107346.wav,AneesaSmith_UCUek6yHcjiiA0hiMqgsGpw_HrYDsGL1gxg,1104274,1107346,3072,179,okay so that is all the questions I hope you guys really enjoyed this,1,0,0,0,0,0,0,RP,2021-06-25 20:27:53.023360
AneesaSmith_UCUek6yHcjiiA0hiMqgsGpw_HrYDsGL1gxg_1107682_1108386.wav,AneesaSmith_UCUek6yHcjiiA0hiMqgsGpw_HrYDsGL1gxg,1107682,1108386,704,180,Q&A,1,0,0,0,0,0,0,RP,2021-06-25 20:28:00.362246
AneesaSmith_UCUek6yHcjiiA0hiMqgsGpw_HrYDsGL1gxg_1108530_1109322.wav,AneesaSmith_UCUek6yHcjiiA0hiMqgsGpw_HrYDsGL1gxg,1108530,1109322,792,181,video if you guys,1,0,0,0,0,0,0,RP,2021-06-25 20:28:08.123164
AneesaSmith_UCUek6yHcjiiA0hiMqgsGpw_HrYDsGL1gxg_1109474_1109626.wav,AneesaSmith_UCUek6yHcjiiA0hiMqgsGpw_HrYDsGL1gxg,1109474,1109626,152,182,like,1,0,0,0,0,0,0,RP,2021-06-25 20:28:14.402197
AneesaSmith_UCUek6yHcjiiA0hiMqgsGpw_HrYDsGL1gxg_1110042_1113658.wav,AneesaSmith_UCUek6yHcjiiA0hiMqgsGpw_HrYDsGL1gxg,1110042,1113658,3616,183,video let me know thank you guys so much for watching I hope you guys really enjoyed it and,1,0,0,0,0,0,0,RP,2021-06-25 20:28:34.045079
AneesaSmith_UCUek6yHcjiiA0hiMqgsGpw_HrYDsGL1gxg_1114482_1114642.wav,AneesaSmith_UCUek6yHcjiiA0hiMqgsGpw_HrYDsGL1gxg,1114482,1114642,160,184,,0,0,0,0,0,1,0,RP,2021-06-25 20:28:50.417188
AneesaSmith_UCUek6yHcjiiA0hiMqgsGpw_HrYDsGL1gxg_1115010_1115130.wav,AneesaSmith_UCUek6yHcjiiA0hiMqgsGpw_HrYDsGL1gxg,1115010,1115130,120,185,,0,0,0,0,0,1,0,RP,2021-06-25 20:29:00.087884
AneesaSmith_UCUek6yHcjiiA0hiMqgsGpw_HrYDsGL1gxg_1115850_1115954.wav,AneesaSmith_UCUek6yHcjiiA0hiMqgsGpw_HrYDsGL1gxg,1115850,1115954,104,186,,0,0,0,0,0,1,0,RP,2021-06-25 20:29:07.452752
AneesaSmith_UCUek6yHcjiiA0hiMqgsGpw_HrYDsGL1gxg_1116258_1119642.wav,AneesaSmith_UCUek6yHcjiiA0hiMqgsGpw_HrYDsGL1gxg,1116258,1119642,3384,187,,0,0,0,0,1,0,0,RP,2021-06-25 20:29:16.458237
