file,order,vowel,boundaries,creak,issues,flag
AMYLEE_UCV7p7Vhocr5rEF0vTL0NTVQ_7Hl41EL6h4Q_0001_606_606_EY1.wav,1,EY1,1,1,1,0
AMYLEE_UCV7p7Vhocr5rEF0vTL0NTVQ_7Hl41EL6h4Q_0002_646_646_IH0.wav,2,IH0,1,1,1,0
AMYLEE_UCV7p7Vhocr5rEF0vTL0NTVQ_7Hl41EL6h4Q_0003_886_886_UW1.wav,3,UW1,1,1,1,0
AMYLEE_UCV7p7Vhocr5rEF0vTL0NTVQ_7Hl41EL6h4Q_0004_1206_1206_OW1.wav,4,OW1,1,1,1,0
AMYLEE_UCV7p7Vhocr5rEF0vTL0NTVQ_7Hl41EL6h4Q_0005_1640_1640_IY1.wav,5,IY1,1,1,1,0
AMYLEE_UCV7p7Vhocr5rEF0vTL0NTVQ_7Hl41EL6h4Q_0006_1960_1960_EY1.wav,6,EY1,1,1,1,0
AMYLEE_UCV7p7Vhocr5rEF0vTL0NTVQ_7Hl41EL6h4Q_0007_2210_2210_IH1.wav,7,IH1,1,1,1,0
AMYLEE_UCV7p7Vhocr5rEF0vTL0NTVQ_7Hl41EL6h4Q_0008_2360_2360_AH0.wav,8,AH0,1,1,1,0
AMYLEE_UCV7p7Vhocr5rEF0vTL0NTVQ_7Hl41EL6h4Q_0009_2560_2560_OW1.wav,9,OW1,1,1,1,0
AMYLEE_UCV7p7Vhocr5rEF0vTL0NTVQ_7Hl41EL6h4Q_0010_2940_2940_EY1.wav,10,EY1,1,1,1,0
AMYLEE_UCV7p7Vhocr5rEF0vTL0NTVQ_7Hl41EL6h4Q_0011_3090_3090_IH0.wav,11,IH0,1,1,1,0
AMYLEE_UCV7p7Vhocr5rEF0vTL0NTVQ_7Hl41EL6h4Q_0012_3270_3270_IH1.wav,12,IH1,1,1,1,0
AMYLEE_UCV7p7Vhocr5rEF0vTL0NTVQ_7Hl41EL6h4Q_0013_3390_3390_UW1.wav,13,UW1,1,1,1,0
AMYLEE_UCV7p7Vhocr5rEF0vTL0NTVQ_7Hl41EL6h4Q_0014_3540_3540_AH0.wav,14,AH0,1,1,1,0
AMYLEE_UCV7p7Vhocr5rEF0vTL0NTVQ_7Hl41EL6h4Q_0015_3920_3920_EY1.wav,15,EY1,1,4,1,1
AMYLEE_UCV7p7Vhocr5rEF0vTL0NTVQ_7Hl41EL6h4Q_0016_4040_4040_IY1.wav,16,IY1,1,1,1,0
AMYLEE_UCV7p7Vhocr5rEF0vTL0NTVQ_7Hl41EL6h4Q_0017_4100_4100_IH0.wav,17,IH0,1,1,1,0
AMYLEE_UCV7p7Vhocr5rEF0vTL0NTVQ_7Hl41EL6h4Q_0018_4370_4370_AH1.wav,18,AH1,1,1,1,0
AMYLEE_UCV7p7Vhocr5rEF0vTL0NTVQ_7Hl41EL6h4Q_0019_4520_4520_ER0.wav,19,ER0,1,1,1,0
AMYLEE_UCV7p7Vhocr5rEF0vTL0NTVQ_7Hl41EL6h4Q_0020_4840_4840_AY2.wav,20,AY2,1,1,1,0
AMYLEE_UCV7p7Vhocr5rEF0vTL0NTVQ_7Hl41EL6h4Q_0021_5150_5150_IH1.wav,21,IH1,1,1,1,0
AMYLEE_UCV7p7Vhocr5rEF0vTL0NTVQ_7Hl41EL6h4Q_0022_5330_5330_IY1.wav,22,IY1,1,1,1,0
AMYLEE_UCV7p7Vhocr5rEF0vTL0NTVQ_7Hl41EL6h4Q_0023_5360_5360_IH0.wav,23,IH0,1,1,1,0
AMYLEE_UCV7p7Vhocr5rEF0vTL0NTVQ_7Hl41EL6h4Q_0024_5950_5950_AY1.wav,24,AY1,1,1,1,0
AMYLEE_UCV7p7Vhocr5rEF0vTL0NTVQ_7Hl41EL6h4Q_0025_6300_6300_AH0.wav,25,AH0,1,1,1,0
AMYLEE_UCV7p7Vhocr5rEF0vTL0NTVQ_7Hl41EL6h4Q_0026_6500_6500_AH0.wav,26,AH0,1,1,1,0
AMYLEE_UCV7p7Vhocr5rEF0vTL0NTVQ_7Hl41EL6h4Q_0027_6790_6790_AW1.wav,27,AW1,1,1,1,0
AMYLEE_UCV7p7Vhocr5rEF0vTL0NTVQ_7Hl41EL6h4Q_0028_6850_6850_AH0.wav,28,AH0,4,1,1,1
AMYLEE_UCV7p7Vhocr5rEF0vTL0NTVQ_7Hl41EL6h4Q_0029_7000_7000_AH0.wav,29,AH0,1,1,1,0
AMYLEE_UCV7p7Vhocr5rEF0vTL0NTVQ_7Hl41EL6h4Q_0030_7390_7390_ER0.wav,30,ER0,1,1,2,1
AMYLEE_UCV7p7Vhocr5rEF0vTL0NTVQ_7Hl41EL6h4Q_0031_7520_7520_AH0.wav,31,AH0,1,1,1,0
AMYLEE_UCV7p7Vhocr5rEF0vTL0NTVQ_7Hl41EL6h4Q_0032_7730_7730_AH0.wav,32,AH0,1,1,2,1
AMYLEE_UCV7p7Vhocr5rEF0vTL0NTVQ_7Hl41EL6h4Q_0033_7990_7990_EH1.wav,33,EH1,1,1,1,0
AMYLEE_UCV7p7Vhocr5rEF0vTL0NTVQ_7Hl41EL6h4Q_0034_8189_8189_AH0.wav,34,AH0,1,1,1,0
AMYLEE_UCV7p7Vhocr5rEF0vTL0NTVQ_7Hl41EL6h4Q_0035_8430_8430_OW1.wav,35,OW1,1,1,1,0
AMYLEE_UCV7p7Vhocr5rEF0vTL0NTVQ_7Hl41EL6h4Q_0036_8510_8510_AY1.wav,36,AY1,1,1,1,0
AMYLEE_UCV7p7Vhocr5rEF0vTL0NTVQ_7Hl41EL6h4Q_0037_8790_8790_AA1.wav,37,AA1,1,1,1,0
AMYLEE_UCV7p7Vhocr5rEF0vTL0NTVQ_7Hl41EL6h4Q_0038_8920_8920_IY0.wav,38,IY0,1,1,1,0
AMYLEE_UCV7p7Vhocr5rEF0vTL0NTVQ_7Hl41EL6h4Q_0039_9070_9070_IH1.wav,39,IH1,1,1,1,0
AMYLEE_UCV7p7Vhocr5rEF0vTL0NTVQ_7Hl41EL6h4Q_0040_9320_9320_ER0.wav,40,ER0,1,1,1,0
AMYLEE_UCV7p7Vhocr5rEF0vTL0NTVQ_7Hl41EL6h4Q_0041_9450_9450_AH1.wav,41,AH1,1,1,1,0
AMYLEE_UCV7p7Vhocr5rEF0vTL0NTVQ_7Hl41EL6h4Q_0042_9750_9750_AY1.wav,42,AY1,1,1,1,0
AMYLEE_UCV7p7Vhocr5rEF0vTL0NTVQ_7Hl41EL6h4Q_0043_10070_10070_OW1.wav,43,OW1,1,1,1,0
AMYLEE_UCV7p7Vhocr5rEF0vTL0NTVQ_7Hl41EL6h4Q_0044_10130_10130_AH0.wav,44,AH0,1,1,1,0
AMYLEE_UCV7p7Vhocr5rEF0vTL0NTVQ_7Hl41EL6h4Q_0045_10340_10340_IY0.wav,45,IY0,1,1,1,0
AMYLEE_UCV7p7Vhocr5rEF0vTL0NTVQ_7Hl41EL6h4Q_0046_10510_10510_IY1.wav,46,IY1,1,1,1,0
AMYLEE_UCV7p7Vhocr5rEF0vTL0NTVQ_7Hl41EL6h4Q_0047_10810_10810_EY1.wav,47,EY1,1,1,1,0
AMYLEE_UCV7p7Vhocr5rEF0vTL0NTVQ_7Hl41EL6h4Q_0048_21369_21369_UW1.wav,48,UW1,1,1,1,0
AMYLEE_UCV7p7Vhocr5rEF0vTL0NTVQ_7Hl41EL6h4Q_0049_21599_21599_EH1.wav,49,EH1,1,1,1,0
AMYLEE_UCV7p7Vhocr5rEF0vTL0NTVQ_7Hl41EL6h4Q_0050_21819_21819_IH1.wav,50,IH1,1,1,1,0
AMYLEE_UCV7p7Vhocr5rEF0vTL0NTVQ_7Hl41EL6h4Q_0051_23661_23661_UW0.wav,51,UW0,3,1,3,1
AMYLEE_UCV7p7Vhocr5rEF0vTL0NTVQ_7Hl41EL6h4Q_0052_23801_23801_EY1.wav,52,EY1,1,1,1,0
AMYLEE_UCV7p7Vhocr5rEF0vTL0NTVQ_7Hl41EL6h4Q_0053_24011_24011_IY1.wav,0053,IY1,1,1,1,1
AMYLEE_UCV7p7Vhocr5rEF0vTL0NTVQ_7Hl41EL6h4Q_0054_24131_24131_ER0.wav,0054,ER0,1,1,2,1
AMYLEE_UCV7p7Vhocr5rEF0vTL0NTVQ_7Hl41EL6h4Q_0055_24191_24191_OW1.wav,0055,OW1,3,1,1,1
AMYLEE_UCV7p7Vhocr5rEF0vTL0NTVQ_7Hl41EL6h4Q_0056_24221_24221_IH0.wav,0056,IH0,3,1,1,1
AMYLEE_UCV7p7Vhocr5rEF0vTL0NTVQ_7Hl41EL6h4Q_0057_24331_24331_AH0.wav,0057,AH0,3,1,1,0
AMYLEE_UCV7p7Vhocr5rEF0vTL0NTVQ_7Hl41EL6h4Q_0058_24431_24431_AO1.wav,0058,AO1,1,1,1,0
AMYLEE_UCV7p7Vhocr5rEF0vTL0NTVQ_7Hl41EL6h4Q_0059_24521_24521_AH0.wav,0059,AH0,1,1,1,0
AMYLEE_UCV7p7Vhocr5rEF0vTL0NTVQ_7Hl41EL6h4Q_0060_24761_24761_AW1.wav,0060,AW1,1,1,1,0
AMYLEE_UCV7p7Vhocr5rEF0vTL0NTVQ_7Hl41EL6h4Q_0061_25121_25121_OW1.wav,0061,OW1,1,1,2,0
AMYLEE_UCV7p7Vhocr5rEF0vTL0NTVQ_7Hl41EL6h4Q_0062_25171_25171_IH0.wav,0062,IH0,1,1,1,0
AMYLEE_UCV7p7Vhocr5rEF0vTL0NTVQ_7Hl41EL6h4Q_0063_25491_25491_AH1.wav,0063,AH1,1,1,1,0
AMYLEE_UCV7p7Vhocr5rEF0vTL0NTVQ_7Hl41EL6h4Q_0064_25871_25871_EY1.wav,0064,EY1,1,1,1,0
AMYLEE_UCV7p7Vhocr5rEF0vTL0NTVQ_7Hl41EL6h4Q_0065_26111_26111_AH0.wav,0065,AH0,1,1,1,0
AMYLEE_UCV7p7Vhocr5rEF0vTL0NTVQ_7Hl41EL6h4Q_0066_26281_26281_AH0.wav,0066,AH0,1,1,3,0
AMYLEE_UCV7p7Vhocr5rEF0vTL0NTVQ_7Hl41EL6h4Q_0067_26461_26461_EH1.wav,0067,EH1,1,1,1,0
AMYLEE_UCV7p7Vhocr5rEF0vTL0NTVQ_7Hl41EL6h4Q_0068_26611_26611_IH0.wav,0068,IH0,1,1,1,0
AMYLEE_UCV7p7Vhocr5rEF0vTL0NTVQ_7Hl41EL6h4Q_0069_26891_26891_AH0.wav,0069,AH0,1,1,1,0
AMYLEE_UCV7p7Vhocr5rEF0vTL0NTVQ_7Hl41EL6h4Q_0070_27211_27211_AE1.wav,0070,AE1,1,1,1,0
AMYLEE_UCV7p7Vhocr5rEF0vTL0NTVQ_7Hl41EL6h4Q_0071_27401_27401_AY1.wav,0071,AY1,1,1,1,0
AMYLEE_UCV7p7Vhocr5rEF0vTL0NTVQ_7Hl41EL6h4Q_0072_27661_27661_AW1.wav,0072,AW1,1,1,1,0
AMYLEE_UCV7p7Vhocr5rEF0vTL0NTVQ_7Hl41EL6h4Q_0073_27781_27781_AY1.wav,0073,AY1,1,4,1,0
AMYLEE_UCV7p7Vhocr5rEF0vTL0NTVQ_7Hl41EL6h4Q_0074_28021_28021_IH0.wav,0074,IH0,1,1,1,0
AMYLEE_UCV7p7Vhocr5rEF0vTL0NTVQ_7Hl41EL6h4Q_0075_28631_28631_IH1.wav,0075,IH1,1,1,1,0
AMYLEE_UCV7p7Vhocr5rEF0vTL0NTVQ_7Hl41EL6h4Q_0076_28731_28731_IH0.wav,0076,IH0,1,1,1,0
AMYLEE_UCV7p7Vhocr5rEF0vTL0NTVQ_7Hl41EL6h4Q_0077_28911_28911_IH0.wav,0077,IH0,1,1,1,0
AMYLEE_UCV7p7Vhocr5rEF0vTL0NTVQ_7Hl41EL6h4Q_0078_29151_29151_AH1.wav,0078,AH1,1,1,1,0
AMYLEE_UCV7p7Vhocr5rEF0vTL0NTVQ_7Hl41EL6h4Q_0079_29581_29581_AY1.wav,0079,AY1,1,1,1,0
AMYLEE_UCV7p7Vhocr5rEF0vTL0NTVQ_7Hl41EL6h4Q_0080_29731_29731_AH0.wav,0080,AH0,1,1,1,0
AMYLEE_UCV7p7Vhocr5rEF0vTL0NTVQ_7Hl41EL6h4Q_0081_30181_30181_IY1.wav,0081,IY1,1,1,1,0
AMYLEE_UCV7p7Vhocr5rEF0vTL0NTVQ_7Hl41EL6h4Q_0082_30451_30451_ER0.wav,0082,ER0,1,1,1,0
AMYLEE_UCV7p7Vhocr5rEF0vTL0NTVQ_7Hl41EL6h4Q_0083_30631_30631_IH0.wav,0083,IH0,1,1,2,0
AMYLEE_UCV7p7Vhocr5rEF0vTL0NTVQ_7Hl41EL6h4Q_0084_31001_31001_AH1.wav,0084,AH1,1,1,1,0
AMYLEE_UCV7p7Vhocr5rEF0vTL0NTVQ_7Hl41EL6h4Q_0085_31181_31181_AY1.wav,0085,AY1,1,2,1,0
AMYLEE_UCV7p7Vhocr5rEF0vTL0NTVQ_7Hl41EL6h4Q_0086_31241_31241_AO0.wav,0086,AO0,1,1,1,0
AMYLEE_UCV7p7Vhocr5rEF0vTL0NTVQ_7Hl41EL6h4Q_0087_31331_31331_EH1.wav,0087,EH1,1,1,1,0
AMYLEE_UCV7p7Vhocr5rEF0vTL0NTVQ_7Hl41EL6h4Q_0088_31451_31451_IY0.wav,0088,IY0,1,1,1,0
AMYLEE_UCV7p7Vhocr5rEF0vTL0NTVQ_7Hl41EL6h4Q_0089_31561_31561_IH1.wav,0089,IH1,1,1,1,0
AMYLEE_UCV7p7Vhocr5rEF0vTL0NTVQ_7Hl41EL6h4Q_0090_31721_31721_AY1.wav,0090,AY1,1,1,1,0
AMYLEE_UCV7p7Vhocr5rEF0vTL0NTVQ_7Hl41EL6h4Q_0091_31941_31941_EY1.wav,0091,EY1,1,1,1,0
AMYLEE_UCV7p7Vhocr5rEF0vTL0NTVQ_7Hl41EL6h4Q_0092_32201_32201_AE1.wav,0092,AE1,1,2,1,0
AMYLEE_UCV7p7Vhocr5rEF0vTL0NTVQ_7Hl41EL6h4Q_0093_32360_32360_AY1.wav,0093,AY1,1,1,1,0
AMYLEE_UCV7p7Vhocr5rEF0vTL0NTVQ_7Hl41EL6h4Q_0094_32680_32680_AW1.wav,0094,AW1,1,1,1,0
AMYLEE_UCV7p7Vhocr5rEF0vTL0NTVQ_7Hl41EL6h4Q_0095_32911_32911_OW1.wav,0095,OW1,1,1,1,0
AMYLEE_UCV7p7Vhocr5rEF0vTL0NTVQ_7Hl41EL6h4Q_0096_32941_32941_AY1.wav,0096,AY1,1,1,1,0
AMYLEE_UCV7p7Vhocr5rEF0vTL0NTVQ_7Hl41EL6h4Q_0097_33041_33041_AH0.wav,0097,AH0,3,1,3,0
AMYLEE_UCV7p7Vhocr5rEF0vTL0NTVQ_7Hl41EL6h4Q_0098_33281_33281_IY1.wav,0098,IY1,1,1,1,0
AMYLEE_UCV7p7Vhocr5rEF0vTL0NTVQ_7Hl41EL6h4Q_0099_33361_33361_AH1.wav,0099,AH1,1,1,1,0
AMYLEE_UCV7p7Vhocr5rEF0vTL0NTVQ_7Hl41EL6h4Q_0100_33481_33481_AH0.wav,0100,AH0,3,1,1,0
AMYLEE_UCV7p7Vhocr5rEF0vTL0NTVQ_7Hl41EL6h4Q_0101_33691_33691_AO1.wav,0101,AO1,1,4,1,0
AMYLEE_UCV7p7Vhocr5rEF0vTL0NTVQ_7Hl41EL6h4Q_0102_33801_33801_EH2.wav,0102,EH2,4,1,3,0
AMYLEE_UCV7p7Vhocr5rEF0vTL0NTVQ_7Hl41EL6h4Q_0103_33941_33941_AH0.wav,0103,AH0,1,1,1,0
AMYLEE_UCV7p7Vhocr5rEF0vTL0NTVQ_7Hl41EL6h4Q_0104_34031_34031_IH1.wav,0104,IH1,1,1,1,0
AMYLEE_UCV7p7Vhocr5rEF0vTL0NTVQ_7Hl41EL6h4Q_0105_34091_34091_AH0.wav,0105,AH0,4,1,1,1
AMYLEE_UCV7p7Vhocr5rEF0vTL0NTVQ_7Hl41EL6h4Q_0106_34331_34331_IH1.wav,0106,IH1,1,1,1,0
AMYLEE_UCV7p7Vhocr5rEF0vTL0NTVQ_7Hl41EL6h4Q_0107_34961_34961_AH1.wav,0107,AH1,1,1,1,0
AMYLEE_UCV7p7Vhocr5rEF0vTL0NTVQ_7Hl41EL6h4Q_0108_35061_35061_AY1.wav,0108,AY1,1,1,1,0
AMYLEE_UCV7p7Vhocr5rEF0vTL0NTVQ_7Hl41EL6h4Q_0109_35171_35171_AO1.wav,0109,AO1,3,1,1,0
AMYLEE_UCV7p7Vhocr5rEF0vTL0NTVQ_7Hl41EL6h4Q_0110_35251_35251_IH0.wav,0110,IH0,1,1,1,0
AMYLEE_UCV7p7Vhocr5rEF0vTL0NTVQ_7Hl41EL6h4Q_0111_35391_35391_IH0.wav,0111,IH0,4,1,3,0
AMYLEE_UCV7p7Vhocr5rEF0vTL0NTVQ_7Hl41EL6h4Q_0112_35491_35491_EY1.wav,0112,EY1,1,1,1,0
AMYLEE_UCV7p7Vhocr5rEF0vTL0NTVQ_7Hl41EL6h4Q_0113_35651_35651_IH1.wav,0113,IH1,1,1,1,0
AMYLEE_UCV7p7Vhocr5rEF0vTL0NTVQ_7Hl41EL6h4Q_0114_35791_35791_AH0.wav,0114,AH0,1,1,1,0
AMYLEE_UCV7p7Vhocr5rEF0vTL0NTVQ_7Hl41EL6h4Q_0115_36111_36111_AE1.wav,0115,AE1,1,1,1,0
AMYLEE_UCV7p7Vhocr5rEF0vTL0NTVQ_7Hl41EL6h4Q_0116_36261_36261_IH1.wav,0116,IH1,1,1,1,0
AMYLEE_UCV7p7Vhocr5rEF0vTL0NTVQ_7Hl41EL6h4Q_0117_36451_36451_IY0.wav,0117,IY0,1,1,1,0
AMYLEE_UCV7p7Vhocr5rEF0vTL0NTVQ_7Hl41EL6h4Q_0118_36511_36511_OW0.wav,0118,OW0,1,1,1,0
AMYLEE_UCV7p7Vhocr5rEF0vTL0NTVQ_7Hl41EL6h4Q_0119_36631_36631_IH0.wav,0119,IH0,1,1,1,0
AMYLEE_UCV7p7Vhocr5rEF0vTL0NTVQ_7Hl41EL6h4Q_0120_36801_36801_ER0.wav,0120,ER0,1,1,1,0
AMYLEE_UCV7p7Vhocr5rEF0vTL0NTVQ_7Hl41EL6h4Q_0121_37101_37101_AH1.wav,0121,AH1,1,1,1,0
AMYLEE_UCV7p7Vhocr5rEF0vTL0NTVQ_7Hl41EL6h4Q_0122_37583_37583_IH0.wav,0122,IH0,1,1,2,0
AMYLEE_UCV7p7Vhocr5rEF0vTL0NTVQ_7Hl41EL6h4Q_0123_37923_37923_AH1.wav,0123,AH1,1,1,1,0
AMYLEE_UCV7p7Vhocr5rEF0vTL0NTVQ_7Hl41EL6h4Q_0124_38143_38143_AY1.wav,0124,AY1,1,2,1,0
AMYLEE_UCV7p7Vhocr5rEF0vTL0NTVQ_7Hl41EL6h4Q_0125_38473_38473_OW1.wav,0125,OW1,1,1,1,0
AMYLEE_UCV7p7Vhocr5rEF0vTL0NTVQ_7Hl41EL6h4Q_0126_38593_38593_AH0.wav,0126,AH0,1,1,1,0
AMYLEE_UCV7p7Vhocr5rEF0vTL0NTVQ_7Hl41EL6h4Q_0127_38753_38753_AA1.wav,0127,AA1,1,1,1,0
AMYLEE_UCV7p7Vhocr5rEF0vTL0NTVQ_7Hl41EL6h4Q_0128_38823_38823_AH0.wav,0128,AH0,1,1,1,0
AMYLEE_UCV7p7Vhocr5rEF0vTL0NTVQ_7Hl41EL6h4Q_0129_39073_39073_AY1.wav,0129,AY1,1,1,1,0
AMYLEE_UCV7p7Vhocr5rEF0vTL0NTVQ_7Hl41EL6h4Q_0130_39393_39393_EY1.wav,0130,EY1,1,1,1,0
AMYLEE_UCV7p7Vhocr5rEF0vTL0NTVQ_7Hl41EL6h4Q_0131_39523_39523_AH0.wav,0131,AH0,1,1,1,0
AMYLEE_UCV7p7Vhocr5rEF0vTL0NTVQ_7Hl41EL6h4Q_0132_39593_39593_AH0.wav,0132,AH0,1,1,1,0
AMYLEE_UCV7p7Vhocr5rEF0vTL0NTVQ_7Hl41EL6h4Q_0133_39713_39713_EH1.wav,0133,EH1,1,1,1,0
AMYLEE_UCV7p7Vhocr5rEF0vTL0NTVQ_7Hl41EL6h4Q_0134_39803_39803_IH0.wav,0134,IH0,1,1,1,0
AMYLEE_UCV7p7Vhocr5rEF0vTL0NTVQ_7Hl41EL6h4Q_0135_39923_39923_AH0.wav,0135,AH0,1,1,1,0
AMYLEE_UCV7p7Vhocr5rEF0vTL0NTVQ_7Hl41EL6h4Q_0136_40103_40103_AA1.wav,0136,AA1,1,1,1,0
AMYLEE_UCV7p7Vhocr5rEF0vTL0NTVQ_7Hl41EL6h4Q_0137_40253_40253_EH0.wav,0137,EH0,1,1,1,0
AMYLEE_UCV7p7Vhocr5rEF0vTL0NTVQ_7Hl41EL6h4Q_0138_40463_40463_IY0.wav,0138,IY0,1,1,1,0
AMYLEE_UCV7p7Vhocr5rEF0vTL0NTVQ_7Hl41EL6h4Q_0139_40493_40493_EY1.wav,0139,EY1,1,1,1,0
AMYLEE_UCV7p7Vhocr5rEF0vTL0NTVQ_7Hl41EL6h4Q_0140_40623_40623_ER0.wav,0140,ER0,1,1,1,0
AMYLEE_UCV7p7Vhocr5rEF0vTL0NTVQ_7Hl41EL6h4Q_0141_40853_40853_EH1.wav,0141,EH1,1,1,1,0
AMYLEE_UCV7p7Vhocr5rEF0vTL0NTVQ_7Hl41EL6h4Q_0142_41543_41543_AE1.wav,0142,AE1,1,1,1,0
AMYLEE_UCV7p7Vhocr5rEF0vTL0NTVQ_7Hl41EL6h4Q_0143_41733_41733_IH0.wav,0143,IH0,1,1,1,0
AMYLEE_UCV7p7Vhocr5rEF0vTL0NTVQ_7Hl41EL6h4Q_0144_42023_42023_EH1.wav,0144,EH1,1,1,1,0
AMYLEE_UCV7p7Vhocr5rEF0vTL0NTVQ_7Hl41EL6h4Q_0145_42163_42163_AH0.wav,0145,AH0,1,1,1,0
AMYLEE_UCV7p7Vhocr5rEF0vTL0NTVQ_7Hl41EL6h4Q_0146_42403_42403_ER1.wav,0146,ER1,1,1,1,0
AMYLEE_UCV7p7Vhocr5rEF0vTL0NTVQ_7Hl41EL6h4Q_0147_42573_42573_IH0.wav,0147,IH0,4,1,3,0
AMYLEE_UCV7p7Vhocr5rEF0vTL0NTVQ_7Hl41EL6h4Q_0148_42663_42663_IY1.wav,0148,IY1,1,1,1,0
AMYLEE_UCV7p7Vhocr5rEF0vTL0NTVQ_7Hl41EL6h4Q_0149_42793_42793_AE1.wav,0149,AE1,1,1,1,0
AMYLEE_UCV7p7Vhocr5rEF0vTL0NTVQ_7Hl41EL6h4Q_0150_42953_42953_EY1.wav,0150,EY1,1,1,1,0
AMYLEE_UCV7p7Vhocr5rEF0vTL0NTVQ_7Hl41EL6h4Q_0151_43133_43133_AO1.wav,0151,AO1,1,1,1,0
AMYLEE_UCV7p7Vhocr5rEF0vTL0NTVQ_7Hl41EL6h4Q_0152_43263_43263_IH0.wav,0152,IH0,1,1,1,0
AMYLEE_UCV7p7Vhocr5rEF0vTL0NTVQ_7Hl41EL6h4Q_0153_43393_43393_IH0.wav,0153,IH0,1,1,3,0
AMYLEE_UCV7p7Vhocr5rEF0vTL0NTVQ_7Hl41EL6h4Q_0154_43623_43623_AO1.wav,0154,AO1,1,1,1,0
AMYLEE_UCV7p7Vhocr5rEF0vTL0NTVQ_7Hl41EL6h4Q_0155_43733_43733_AH0.wav,0155,AH0,4,1,1,0
AMYLEE_UCV7p7Vhocr5rEF0vTL0NTVQ_7Hl41EL6h4Q_0156_43863_43863_AW1.wav,0156,AW1,1,1,1,0
AMYLEE_UCV7p7Vhocr5rEF0vTL0NTVQ_7Hl41EL6h4Q_0157_44053_44053_IH1.wav,0157,IH1,1,1,1,0
AMYLEE_UCV7p7Vhocr5rEF0vTL0NTVQ_7Hl41EL6h4Q_0158_44363_44363_AH1.wav,0158,AH1,1,1,1,0
AMYLEE_UCV7p7Vhocr5rEF0vTL0NTVQ_7Hl41EL6h4Q_0159_44833_44833_IH0.wav,0159,IH0,1,1,1,0
AMYLEE_UCV7p7Vhocr5rEF0vTL0NTVQ_7Hl41EL6h4Q_0160_45023_45023_IH1.wav,0160,IH1,1,4,1,1
AMYLEE_UCV7p7Vhocr5rEF0vTL0NTVQ_7Hl41EL6h4Q_0161_45123_45123_AH0.wav,0161,AH0,1,1,1,0
AMYLEE_UCV7p7Vhocr5rEF0vTL0NTVQ_7Hl41EL6h4Q_0162_45243_45243_IH1.wav,0162,IH1,1,1,1,0
AMYLEE_UCV7p7Vhocr5rEF0vTL0NTVQ_7Hl41EL6h4Q_0163_45363_45363_IY0.wav,0163,IY0,1,1,1,0
AMYLEE_UCV7p7Vhocr5rEF0vTL0NTVQ_7Hl41EL6h4Q_0164_45583_45583_OW1.wav,0164,OW1,1,1,1,0
AMYLEE_UCV7p7Vhocr5rEF0vTL0NTVQ_7Hl41EL6h4Q_0165_45953_45953_AW1.wav,0165,AW1,1,1,1,0
AMYLEE_UCV7p7Vhocr5rEF0vTL0NTVQ_7Hl41EL6h4Q_0166_46353_46353_UW1.wav,0166,UW1,1,1,1,0
AMYLEE_UCV7p7Vhocr5rEF0vTL0NTVQ_7Hl41EL6h4Q_0167_47261_47261_AE1.wav,0167,AE1,1,1,1,0
AMYLEE_UCV7p7Vhocr5rEF0vTL0NTVQ_7Hl41EL6h4Q_0168_47949_47949_EH1.wav,0168,EH1,1,1,1,0
AMYLEE_UCV7p7Vhocr5rEF0vTL0NTVQ_7Hl41EL6h4Q_0169_48089_48089_AH0.wav,0169,AH0,1,4,1,0
AMYLEE_UCV7p7Vhocr5rEF0vTL0NTVQ_7Hl41EL6h4Q_0170_48239_48239_IY0.wav,0170,IY0,1,1,1,1
AMYLEE_UCV7p7Vhocr5rEF0vTL0NTVQ_7Hl41EL6h4Q_0171_48299_48299_IH0.wav,0171,IH0,1,1,1,1
AMYLEE_UCV7p7Vhocr5rEF0vTL0NTVQ_7Hl41EL6h4Q_0172_48399_48399_UW1.wav,0172,UW1,3,1,3,1
AMYLEE_UCV7p7Vhocr5rEF0vTL0NTVQ_7Hl41EL6h4Q_0173_48549_48549_AY1.wav,0173,AY1,1,1,1,1
AMYLEE_UCV7p7Vhocr5rEF0vTL0NTVQ_7Hl41EL6h4Q_0174_48699_48699_AA1.wav,0174,AA1,1,1,1,1
AMYLEE_UCV7p7Vhocr5rEF0vTL0NTVQ_7Hl41EL6h4Q_0175_48839_48839_AH0.wav,0175,AH0,1,1,1,1
AMYLEE_UCV7p7Vhocr5rEF0vTL0NTVQ_7Hl41EL6h4Q_0176_49059_49059_UW1.wav,0176,UW1,1,1,1,0
AMYLEE_UCV7p7Vhocr5rEF0vTL0NTVQ_7Hl41EL6h4Q_0177_49149_49149_IH0.wav,0177,IH0,1,1,1,0
AMYLEE_UCV7p7Vhocr5rEF0vTL0NTVQ_7Hl41EL6h4Q_0178_49309_49309_AY1.wav,0178,AY1,1,4,1,0
AMYLEE_UCV7p7Vhocr5rEF0vTL0NTVQ_7Hl41EL6h4Q_0179_49609_49609_UH1.wav,0179,UH1,1,1,1,0
AMYLEE_UCV7p7Vhocr5rEF0vTL0NTVQ_7Hl41EL6h4Q_0180_50169_50169_AH1.wav,0180,AH1,1,1,1,0
AMYLEE_UCV7p7Vhocr5rEF0vTL0NTVQ_7Hl41EL6h4Q_0181_50399_50399_ER0.wav,0181,ER0,1,1,1,0
AMYLEE_UCV7p7Vhocr5rEF0vTL0NTVQ_7Hl41EL6h4Q_0182_50939_50939_UW1.wav,0182,UW1,1,1,1,0
AMYLEE_UCV7p7Vhocr5rEF0vTL0NTVQ_7Hl41EL6h4Q_0183_51469_51469_UW1.wav,0183,UW1,1,1,1,0
AMYLEE_UCV7p7Vhocr5rEF0vTL0NTVQ_7Hl41EL6h4Q_0184_51569_51569_AE1.wav,0184,AE1,1,4,1,0
AMYLEE_UCV7p7Vhocr5rEF0vTL0NTVQ_7Hl41EL6h4Q_0185_51759_51759_ER0.wav,0185,ER0,1,1,1,0
AMYLEE_UCV7p7Vhocr5rEF0vTL0NTVQ_7Hl41EL6h4Q_0186_51879_51879_IY1.wav,0186,IY1,1,1,1,0
AMYLEE_UCV7p7Vhocr5rEF0vTL0NTVQ_7Hl41EL6h4Q_0187_52139_52139_EH1.wav,0187,EH1,1,1,1,0
AMYLEE_UCV7p7Vhocr5rEF0vTL0NTVQ_7Hl41EL6h4Q_0188_52329_52329_AH0.wav,0188,AH0,1,1,1,0
AMYLEE_UCV7p7Vhocr5rEF0vTL0NTVQ_7Hl41EL6h4Q_0189_52539_52539_UW1.wav,0189,UW1,1,1,1,0
AMYLEE_UCV7p7Vhocr5rEF0vTL0NTVQ_7Hl41EL6h4Q_0190_52739_52739_OW1.wav,0190,OW1,1,1,1,0
AMYLEE_UCV7p7Vhocr5rEF0vTL0NTVQ_7Hl41EL6h4Q_0191_52859_52859_AE1.wav,0191,AE1,1,1,1,0
AMYLEE_UCV7p7Vhocr5rEF0vTL0NTVQ_7Hl41EL6h4Q_0192_52959_52959_IH0.wav,0192,IH0,3,1,3,0
AMYLEE_UCV7p7Vhocr5rEF0vTL0NTVQ_7Hl41EL6h4Q_0193_53029_53029_UW1.wav,0193,UW1,1,1,1,0
AMYLEE_UCV7p7Vhocr5rEF0vTL0NTVQ_7Hl41EL6h4Q_0194_53169_53169_UH1.wav,0194,UH1,1,1,1,0
AMYLEE_UCV7p7Vhocr5rEF0vTL0NTVQ_7Hl41EL6h4Q_0195_53389_53389_EY1.wav,0195,EY1,1,1,1,0
AMYLEE_UCV7p7Vhocr5rEF0vTL0NTVQ_7Hl41EL6h4Q_0196_53569_53569_AH2.wav,0196,AH2,1,1,1,0
AMYLEE_UCV7p7Vhocr5rEF0vTL0NTVQ_7Hl41EL6h4Q_0197_53759_53759_AE1.wav,0197,AE1,1,1,1,0
AMYLEE_UCV7p7Vhocr5rEF0vTL0NTVQ_7Hl41EL6h4Q_0198_53949_53949_IH0.wav,0198,IH0,1,1,1,0
AMYLEE_UCV7p7Vhocr5rEF0vTL0NTVQ_7Hl41EL6h4Q_0199_54583_54583_AY1.wav,0199,AY1,1,1,1,0
AMYLEE_UCV7p7Vhocr5rEF0vTL0NTVQ_7Hl41EL6h4Q_0200_54763_54763_IH1.wav,0200,IH1,1,1,1,0
AMYLEE_UCV7p7Vhocr5rEF0vTL0NTVQ_7Hl41EL6h4Q_0201_54933_54933_IH0.wav,0201,IH0,1,1,1,0
AMYLEE_UCV7p7Vhocr5rEF0vTL0NTVQ_7Hl41EL6h4Q_0202_55093_55093_IY0.wav,0202,IY0,1,1,1,0
AMYLEE_UCV7p7Vhocr5rEF0vTL0NTVQ_7Hl41EL6h4Q_0203_55213_55213_EY1.wav,0203,EY1,1,2,1,0
AMYLEE_UCV7p7Vhocr5rEF0vTL0NTVQ_7Hl41EL6h4Q_0204_55253_55253_EH1.wav,0204,EH1,1,1,1,0
AMYLEE_UCV7p7Vhocr5rEF0vTL0NTVQ_7Hl41EL6h4Q_0205_55393_55393_IH0.wav,0205,IH0,1,1,1,0
AMYLEE_UCV7p7Vhocr5rEF0vTL0NTVQ_7Hl41EL6h4Q_0206_55613_55613_EY1.wav,0206,EY1,1,2,1,0
AMYLEE_UCV7p7Vhocr5rEF0vTL0NTVQ_7Hl41EL6h4Q_0207_55793_55793_IY0.wav,0207,IY0,1,1,1,0
AMYLEE_UCV7p7Vhocr5rEF0vTL0NTVQ_7Hl41EL6h4Q_0208_55903_55903_AH0.wav,0208,AH0,1,4,1,0
AMYLEE_UCV7p7Vhocr5rEF0vTL0NTVQ_7Hl41EL6h4Q_0209_56103_56103_IH1.wav,0209,IH1,1,1,1,0
AMYLEE_UCV7p7Vhocr5rEF0vTL0NTVQ_7Hl41EL6h4Q_0210_56193_56193_IH0.wav,0210,IH0,1,1,1,0
AMYLEE_UCV7p7Vhocr5rEF0vTL0NTVQ_7Hl41EL6h4Q_0211_56563_56563_AW1.wav,0211,AW1,1,1,1,0
AMYLEE_UCV7p7Vhocr5rEF0vTL0NTVQ_7Hl41EL6h4Q_0212_56743_56743_IY1.wav,0212,IY1,1,1,1,0
AMYLEE_UCV7p7Vhocr5rEF0vTL0NTVQ_7Hl41EL6h4Q_0213_57283_57283_IH1.wav,0213,IH1,1,1,1,0
AMYLEE_UCV7p7Vhocr5rEF0vTL0NTVQ_7Hl41EL6h4Q_0214_57403_57403_IH0.wav,0214,IH0,1,1,1,0
AMYLEE_UCV7p7Vhocr5rEF0vTL0NTVQ_7Hl41EL6h4Q_0215_57743_57743_IY1.wav,0215,IY1,1,1,1,0
AMYLEE_UCV7p7Vhocr5rEF0vTL0NTVQ_7Hl41EL6h4Q_0216_57903_57903_UW1.wav,0216,UW1,1,1,1,0
AMYLEE_UCV7p7Vhocr5rEF0vTL0NTVQ_7Hl41EL6h4Q_0217_57933_57933_IH0.wav,0217,IH0,1,1,1,0
AMYLEE_UCV7p7Vhocr5rEF0vTL0NTVQ_7Hl41EL6h4Q_0218_58093_58093_AY1.wav,0218,AY1,1,1,1,0
AMYLEE_UCV7p7Vhocr5rEF0vTL0NTVQ_7Hl41EL6h4Q_0219_58293_58293_EY1.wav,0219,EY1,1,1,1,0
AMYLEE_UCV7p7Vhocr5rEF0vTL0NTVQ_7Hl41EL6h4Q_0220_58463_58463_AH2.wav,0220,AH2,1,1,1,0
AMYLEE_UCV7p7Vhocr5rEF0vTL0NTVQ_7Hl41EL6h4Q_0221_58683_58683_AO1.wav,0221,AO1,1,4,1,0
AMYLEE_UCV7p7Vhocr5rEF0vTL0NTVQ_7Hl41EL6h4Q_0222_58793_58793_IH0.wav,0222,IH0,1,1,1,0
AMYLEE_UCV7p7Vhocr5rEF0vTL0NTVQ_7Hl41EL6h4Q_0223_58873_58873_AH0.wav,0223,AH0,1,1,1,0
AMYLEE_UCV7p7Vhocr5rEF0vTL0NTVQ_7Hl41EL6h4Q_0224_59053_59053_AW1.wav,0224,AW1,1,1,1,0
AMYLEE_UCV7p7Vhocr5rEF0vTL0NTVQ_7Hl41EL6h4Q_0225_59213_59213_AH1.wav,0225,AH1,1,1,1,0
AMYLEE_UCV7p7Vhocr5rEF0vTL0NTVQ_7Hl41EL6h4Q_0226_59423_59423_EH1.wav,0226,EH1,1,1,1,0
AMYLEE_UCV7p7Vhocr5rEF0vTL0NTVQ_7Hl41EL6h4Q_0227_59553_59553_IY0.wav,0227,IY0,1,1,1,0
AMYLEE_UCV7p7Vhocr5rEF0vTL0NTVQ_7Hl41EL6h4Q_0228_59703_59703_IH1.wav,0228,IH1,1,3,1,0
AMYLEE_UCV7p7Vhocr5rEF0vTL0NTVQ_7Hl41EL6h4Q_0229_59903_59903_AH0.wav,0229,AH0,1,1,1,0
AMYLEE_UCV7p7Vhocr5rEF0vTL0NTVQ_7Hl41EL6h4Q_0230_60263_60263_AY1.wav,0230,AY1,1,1,1,0
AMYLEE_UCV7p7Vhocr5rEF0vTL0NTVQ_7Hl41EL6h4Q_0231_61093_61093_AH1.wav,0231,AH1,1,2,5,0
AMYLEE_UCV7p7Vhocr5rEF0vTL0NTVQ_7Hl41EL6h4Q_0232_61913_61913_AH1.wav,0232,AH1,1,1,1,0
AMYLEE_UCV7p7Vhocr5rEF0vTL0NTVQ_7Hl41EL6h4Q_0233_62577_62577_AH1.wav,0233,AH1,1,2,5,0
AMYLEE_UCV7p7Vhocr5rEF0vTL0NTVQ_7Hl41EL6h4Q_0234_62667_62667_UW1.wav,0234,UW1,1,1,1,0
AMYLEE_UCV7p7Vhocr5rEF0vTL0NTVQ_7Hl41EL6h4Q_0235_62727_62727_OW1.wav,0235,OW1,1,1,1,0
AMYLEE_UCV7p7Vhocr5rEF0vTL0NTVQ_7Hl41EL6h4Q_0236_62817_62817_AE1.wav,0236,AE1,1,1,3,1
AMYLEE_UCV7p7Vhocr5rEF0vTL0NTVQ_7Hl41EL6h4Q_0237_62917_62917_IH0.wav,0237,IH0,4,1,3,0
AMYLEE_UCV7p7Vhocr5rEF0vTL0NTVQ_7Hl41EL6h4Q_0238_62987_62987_UW1.wav,0238,UW1,1,1,1,0
AMYLEE_UCV7p7Vhocr5rEF0vTL0NTVQ_7Hl41EL6h4Q_0239_63057_63057_UH1.wav,0239,UH1,1,1,1,0
AMYLEE_UCV7p7Vhocr5rEF0vTL0NTVQ_7Hl41EL6h4Q_0240_63207_63207_EY1.wav,0240,EY1,1,1,1,0
AMYLEE_UCV7p7Vhocr5rEF0vTL0NTVQ_7Hl41EL6h4Q_0241_63337_63337_AH2.wav,0241,AH2,1,4,1,0
AMYLEE_UCV7p7Vhocr5rEF0vTL0NTVQ_7Hl41EL6h4Q_0242_63737_63737_OW1.wav,0242,OW1,1,1,1,0
AMYLEE_UCV7p7Vhocr5rEF0vTL0NTVQ_7Hl41EL6h4Q_0243_63967_63967_AY1.wav,0243,AY1,1,4,1,0
AMYLEE_UCV7p7Vhocr5rEF0vTL0NTVQ_7Hl41EL6h4Q_0244_64126_64126_IY1.wav,0244,IY1,1,1,1,0
AMYLEE_UCV7p7Vhocr5rEF0vTL0NTVQ_7Hl41EL6h4Q_0245_64247_64247_UW1.wav,0245,UW1,1,1,1,0
AMYLEE_UCV7p7Vhocr5rEF0vTL0NTVQ_7Hl41EL6h4Q_0246_64607_64607_AE1.wav,0246,AE1,1,1,1,0
AMYLEE_UCV7p7Vhocr5rEF0vTL0NTVQ_7Hl41EL6h4Q_0247_64766_64766_AH1.wav,0247,AH1,1,1,1,0
AMYLEE_UCV7p7Vhocr5rEF0vTL0NTVQ_7Hl41EL6h4Q_0248_64857_64857_IH0.wav,0248,IH0,1,1,1,0
AMYLEE_UCV7p7Vhocr5rEF0vTL0NTVQ_7Hl41EL6h4Q_0249_65057_65057_IH0.wav,0249,IH0,1,1,1,0
AMYLEE_UCV7p7Vhocr5rEF0vTL0NTVQ_7Hl41EL6h4Q_0250_65117_65117_AH0.wav,0250,AH0,3,1,1,0
AMYLEE_UCV7p7Vhocr5rEF0vTL0NTVQ_7Hl41EL6h4Q_0254_65827_65827_AA1.wav,0254,AA1,1,4,1,0
AMYLEE_UCV7p7Vhocr5rEF0vTL0NTVQ_7Hl41EL6h4Q_0257_66307_66307_EY1.wav,0257,EY1,1,4,1,0
AMYLEE_UCV7p7Vhocr5rEF0vTL0NTVQ_7Hl41EL6h4Q_0258_66517_66517_AE1.wav,0258,AE1,1,4,1,0
AMYLEE_UCV7p7Vhocr5rEF0vTL0NTVQ_7Hl41EL6h4Q_0259_67257_67257_AO1.wav,0259,AO1,1,1,1,0
AMYLEE_UCV7p7Vhocr5rEF0vTL0NTVQ_7Hl41EL6h4Q_0273_70825_70825_AE1.wav,0273,AE1,1,2,1,0
AMYLEE_UCV7p7Vhocr5rEF0vTL0NTVQ_7Hl41EL6h4Q_0274_71035_71035_AO1.wav,0274,AO1,1,1,5,0
AMYLEE_UCV7p7Vhocr5rEF0vTL0NTVQ_7Hl41EL6h4Q_0275_71535_71535_EY1.wav,0275,EY1,1,1,1,0
AMYLEE_UCV7p7Vhocr5rEF0vTL0NTVQ_7Hl41EL6h4Q_0276_71825_71825_EY1.wav,0276,EY1,1,1,1,0
AMYLEE_UCV7p7Vhocr5rEF0vTL0NTVQ_7Hl41EL6h4Q_0286_73795_73795_UW1.wav,0286,UW1,1,1,1,0
AMYLEE_UCV7p7Vhocr5rEF0vTL0NTVQ_7Hl41EL6h4Q_0287_74435_74435_OW1.wav,0287,OW1,1,1,1,0
AMYLEE_UCV7p7Vhocr5rEF0vTL0NTVQ_7Hl41EL6h4Q_0289_74795_74795_OW1.wav,0289,OW1,1,1,1,0
AMYLEE_UCV7p7Vhocr5rEF0vTL0NTVQ_7Hl41EL6h4Q_0291_75215_75215_EY1.wav,0291,EY1,1,1,1,0
AMYLEE_UCV7p7Vhocr5rEF0vTL0NTVQ_7Hl41EL6h4Q_0294_75765_75765_AE1.wav,0294,AE1,1,4,1,0
AMYLEE_UCV7p7Vhocr5rEF0vTL0NTVQ_7Hl41EL6h4Q_0296_76445_76445_IY1.wav,0296,IY1,1,1,1,0
AMYLEE_UCV7p7Vhocr5rEF0vTL0NTVQ_7Hl41EL6h4Q_0297_76565_76565_AE1.wav,0297,AE1,1,2,1,0
AMYLEE_UCV7p7Vhocr5rEF0vTL0NTVQ_7Hl41EL6h4Q_0300_77967_77967_OW1.wav,0300,OW1,1,1,1,0
AMYLEE_UCV7p7Vhocr5rEF0vTL0NTVQ_7Hl41EL6h4Q_0304_78837_78837_IY1.wav,0304,IY1,1,1,5,1
AMYLEE_UCV7p7Vhocr5rEF0vTL0NTVQ_7Hl41EL6h4Q_0306_81885_81885_IY1.wav,0306,IY1,1,1,1,0
AMYLEE_UCV7p7Vhocr5rEF0vTL0NTVQ_7Hl41EL6h4Q_0315_85857_85857_AO1.wav,0315,AO1,1,1,1,0
AMYLEE_UCV7p7Vhocr5rEF0vTL0NTVQ_7Hl41EL6h4Q_0318_86797_86797_IY1.wav,0318,IY1,1,1,1,0
AMYLEE_UCV7p7Vhocr5rEF0vTL0NTVQ_7Hl41EL6h4Q_0323_88577_88577_AO1.wav,0323,AO1,1,1,1,0
AMYLEE_UCV7p7Vhocr5rEF0vTL0NTVQ_7Hl41EL6h4Q_0324_88867_88867_IY1.wav,0324,IY1,1,1,1,0
AMYLEE_UCV7p7Vhocr5rEF0vTL0NTVQ_7Hl41EL6h4Q_0327_89707_89707_EY1.wav,0327,EY1,1,1,1,0
AMYLEE_UCV7p7Vhocr5rEF0vTL0NTVQ_7Hl41EL6h4Q_0331_90377_90377_AO1.wav,0331,AO1,1,4,5,0
AMYLEE_UCV7p7Vhocr5rEF0vTL0NTVQ_7Hl41EL6h4Q_0335_98087_98087_EY1.wav,0335,EY1,1,4,1,0
AMYLEE_UCV7p7Vhocr5rEF0vTL0NTVQ_7Hl41EL6h4Q_0340_99157_99157_AO1.wav,0340,AO1,1,1,1,0
AMYLEE_UCV7p7Vhocr5rEF0vTL0NTVQ_7Hl41EL6h4Q_0341_99467_99467_AE1.wav,0341,AE1,1,1,1,0
AMYLEE_UCV7p7Vhocr5rEF0vTL0NTVQ_7Hl41EL6h4Q_0347_100317_100317_EY1.wav,0347,EY1,1,1,1,0
AMYLEE_UCV7p7Vhocr5rEF0vTL0NTVQ_7Hl41EL6h4Q_0349_100607_100607_AO1.wav,0349,AO1,1,1,1,0
AMYLEE_UCV7p7Vhocr5rEF0vTL0NTVQ_7Hl41EL6h4Q_0350_100737_100737_AE1.wav,0350,AE1,1,4,1,0
AMYLEE_UCV7p7Vhocr5rEF0vTL0NTVQ_7Hl41EL6h4Q_0356_102127_102127_AA1.wav,0356,AA1,1,1,1,0
AMYLEE_UCV7p7Vhocr5rEF0vTL0NTVQ_7Hl41EL6h4Q_0357_102287_102287_AA1.wav,0357,AA1,4,1,5,0
AMYLEE_UCV7p7Vhocr5rEF0vTL0NTVQ_7Hl41EL6h4Q_0366_104407_104407_AE1.wav,0366,AE1,1,2,1,0
AMYLEE_UCV7p7Vhocr5rEF0vTL0NTVQ_7Hl41EL6h4Q_0370_105097_105097_AA1.wav,0370,AA1,1,1,1,0
AMYLEE_UCV7p7Vhocr5rEF0vTL0NTVQ_7Hl41EL6h4Q_0372_105357_105357_AO1.wav,0372,AO1,1,1,5,0
AMYLEE_UCV7p7Vhocr5rEF0vTL0NTVQ_7Hl41EL6h4Q_0375_105947_105947_AA1.wav,0375,AA1,4,1,5,0
AMYLEE_UCV7p7Vhocr5rEF0vTL0NTVQ_7Hl41EL6h4Q_0376_106477_106477_AE1.wav,0376,AE1,1,1,1,0
AMYLEE_UCV7p7Vhocr5rEF0vTL0NTVQ_7Hl41EL6h4Q_0377_106637_106637_AO1.wav,0377,AO1,1,4,1,0
AMYLEE_UCV7p7Vhocr5rEF0vTL0NTVQ_7Hl41EL6h4Q_0381_107317_107317_AE1.wav,0381,AE1,1,4,1,0
AMYLEE_UCV7p7Vhocr5rEF0vTL0NTVQ_7Hl41EL6h4Q_0383_107647_107647_AO1.wav,0383,AO1,1,1,1,0
AMYLEE_UCV7p7Vhocr5rEF0vTL0NTVQ_7Hl41EL6h4Q_0385_108077_108077_IY1.wav,0385,IY1,1,1,1,0
AMYLEE_UCV7p7Vhocr5rEF0vTL0NTVQ_7Hl41EL6h4Q_0387_108897_108897_AE1.wav,0387,AE1,1,1,1,0
AMYLEE_UCV7p7Vhocr5rEF0vTL0NTVQ_7Hl41EL6h4Q_0389_109237_109237_OW1.wav,0389,OW1,1,1,1,0
AMYLEE_UCV7p7Vhocr5rEF0vTL0NTVQ_7Hl41EL6h4Q_0391_109557_109557_UW1.wav,0391,UW1,1,1,1,0
AMYLEE_UCV7p7Vhocr5rEF0vTL0NTVQ_7Hl41EL6h4Q_0392_109657_109657_UW1.wav,0392,UW1,1,1,1,0
AMYLEE_UCV7p7Vhocr5rEF0vTL0NTVQ_7Hl41EL6h4Q_0399_111273_111273_IY1.wav,0399,IY1,1,1,1,0
AMYLEE_UCV7p7Vhocr5rEF0vTL0NTVQ_7Hl41EL6h4Q_0406_113427_113427_OW1.wav,0406,OW1,1,1,1,0
AMYLEE_UCV7p7Vhocr5rEF0vTL0NTVQ_7Hl41EL6h4Q_0413_114837_114837_AA1.wav,0413,AA1,1,1,1,0
AMYLEE_UCV7p7Vhocr5rEF0vTL0NTVQ_7Hl41EL6h4Q_0417_115407_115407_EY1.wav,0417,EY1,1,1,1,0
AMYLEE_UCV7p7Vhocr5rEF0vTL0NTVQ_7Hl41EL6h4Q_0419_115787_115787_AA1.wav,0419,AA1,1,1,1,0
AMYLEE_UCV7p7Vhocr5rEF0vTL0NTVQ_7Hl41EL6h4Q_0422_116327_116327_EY1.wav,0422,EY1,1,4,5,0
AMYLEE_UCV7p7Vhocr5rEF0vTL0NTVQ_7Hl41EL6h4Q_0424_116897_116897_UW1.wav,0424,UW1,1,1,1,0
AMYLEE_UCV7p7Vhocr5rEF0vTL0NTVQ_7Hl41EL6h4Q_0425_117047_117047_AA1.wav,0425,AA1,1,1,1,0
AMYLEE_UCV7p7Vhocr5rEF0vTL0NTVQ_7Hl41EL6h4Q_0427_117507_117507_OW1.wav,0427,OW1,1,1,1,0
AMYLEE_UCV7p7Vhocr5rEF0vTL0NTVQ_7Hl41EL6h4Q_0429_118037_118037_AA1.wav,0429,AA1,1,1,1,0
AMYLEE_UCV7p7Vhocr5rEF0vTL0NTVQ_7Hl41EL6h4Q_0435_119857_119857_AA1.wav,0435,AA1,1,1,1,0
AMYLEE_UCV7p7Vhocr5rEF0vTL0NTVQ_7Hl41EL6h4Q_0437_120237_120237_EY1.wav,0437,EY1,1,4,1,0
AMYLEE_UCV7p7Vhocr5rEF0vTL0NTVQ_7Hl41EL6h4Q_0439_120777_120777_AE1.wav,0439,AE1,1,1,1,0
AMYLEE_UCV7p7Vhocr5rEF0vTL0NTVQ_7Hl41EL6h4Q_0441_121517_121517_AE1.wav,0441,AE1,1,2,1,0
AMYLEE_UCV7p7Vhocr5rEF0vTL0NTVQ_7Hl41EL6h4Q_0448_124055_124055_EY1.wav,0448,EY1,1,1,5,0
AMYLEE_UCV7p7Vhocr5rEF0vTL0NTVQ_7Hl41EL6h4Q_0450_124485_124485_EY1.wav,0450,EY1,1,4,1,0
AMYLEE_UCV7p7Vhocr5rEF0vTL0NTVQ_7Hl41EL6h4Q_0455_126667_126667_EY1.wav,0455,EY1,1,1,1,0
AMYLEE_UCV7p7Vhocr5rEF0vTL0NTVQ_7Hl41EL6h4Q_0461_127947_127947_IY1.wav,0461,IY1,1,1,1,0
AMYLEE_UCV7p7Vhocr5rEF0vTL0NTVQ_7Hl41EL6h4Q_0466_129167_129167_AO1.wav,0466,AO1,1,1,1,0
AMYLEE_UCV7p7Vhocr5rEF0vTL0NTVQ_7Hl41EL6h4Q_0468_130077_130077_AA1.wav,0468,AA1,1,1,1,0
AMYLEE_UCV7p7Vhocr5rEF0vTL0NTVQ_7Hl41EL6h4Q_0470_130437_130437_AA1.wav,0470,AA1,1,4,1,1
AMYLEE_UCV7p7Vhocr5rEF0vTL0NTVQ_7Hl41EL6h4Q_0474_131545_131545_AE1.wav,0474,AE1,1,1,1,0
AMYLEE_UCV7p7Vhocr5rEF0vTL0NTVQ_7Hl41EL6h4Q_0476_132095_132095_AO1.wav,0476,AO1,1,1,5,1
AMYLEE_UCV7p7Vhocr5rEF0vTL0NTVQ_7Hl41EL6h4Q_0478_132565_132565_AE1.wav,0478,AE1,1,1,1,0
AMYLEE_UCV7p7Vhocr5rEF0vTL0NTVQ_7Hl41EL6h4Q_0481_133185_133185_UW1.wav,0481,UW1,1,1,1,0
AMYLEE_UCV7p7Vhocr5rEF0vTL0NTVQ_7Hl41EL6h4Q_0484_134031_134031_AE1.wav,0484,AE1,1,4,1,0
AMYLEE_UCV7p7Vhocr5rEF0vTL0NTVQ_7Hl41EL6h4Q_0485_134611_134611_OW1.wav,0485,OW1,1,1,1,0
AMYLEE_UCV7p7Vhocr5rEF0vTL0NTVQ_7Hl41EL6h4Q_0488_135361_135361_OW1.wav,0488,OW1,1,1,1,0
AMYLEE_UCV7p7Vhocr5rEF0vTL0NTVQ_7Hl41EL6h4Q_0494_136601_136601_UW1.wav,0494,UW1,1,1,1,0
AMYLEE_UCV7p7Vhocr5rEF0vTL0NTVQ_7Hl41EL6h4Q_0500_138061_138061_AO1.wav,0500,AO1,1,1,1,0
AMYLEE_UCV7p7Vhocr5rEF0vTL0NTVQ_7Hl41EL6h4Q_0507_140289_140289_AE1.wav,0507,AE1,1,1,1,0
AMYLEE_UCV7p7Vhocr5rEF0vTL0NTVQ_7Hl41EL6h4Q_0512_141549_141549_AE1.wav,0512,AE1,1,1,1,0
AMYLEE_UCV7p7Vhocr5rEF0vTL0NTVQ_7Hl41EL6h4Q_0517_143439_143439_AO1.wav,0517,AO1,1,1,1,0
AMYLEE_UCV7p7Vhocr5rEF0vTL0NTVQ_7Hl41EL6h4Q_0521_144389_144389_AE1.wav,0521,AE1,1,4,5,0
AMYLEE_UCV7p7Vhocr5rEF0vTL0NTVQ_7Hl41EL6h4Q_0528_145549_145549_EY1.wav,0528,EY1,1,1,1,0
AMYLEE_UCV7p7Vhocr5rEF0vTL0NTVQ_7Hl41EL6h4Q_0531_146973_146973_IY1.wav,0531,IY1,1,1,1,0
AMYLEE_UCV7p7Vhocr5rEF0vTL0NTVQ_7Hl41EL6h4Q_0532_147559_147559_UW1.wav,0532,UW1,1,1,2,0
AMYLEE_UCV7p7Vhocr5rEF0vTL0NTVQ_7Hl41EL6h4Q_0533_147949_147949_OW1.wav,0533,OW1,1,1,4,0
AMYLEE_UCV7p7Vhocr5rEF0vTL0NTVQ_7Hl41EL6h4Q_0535_149105_149105_AE1.wav,0535,AE1,1,1,1,0
AMYLEE_UCV7p7Vhocr5rEF0vTL0NTVQ_7Hl41EL6h4Q_0537_149665_149665_AE1.wav,0537,AE1,1,1,5,0
AMYLEE_UCV7p7Vhocr5rEF0vTL0NTVQ_7Hl41EL6h4Q_0544_151505_151505_AA1.wav,0544,AA1,1,1,1,0
AMYLEE_UCV7p7Vhocr5rEF0vTL0NTVQ_7Hl41EL6h4Q_0552_153035_153035_EY1.wav,0552,EY1,1,1,1,0
AMYLEE_UCV7p7Vhocr5rEF0vTL0NTVQ_7Hl41EL6h4Q_0555_153625_153625_AA1.wav,0555,AA1,1,1,1,0
AMYLEE_UCV7p7Vhocr5rEF0vTL0NTVQ_7Hl41EL6h4Q_0557_154035_154035_EY1.wav,0557,EY1,1,4,1,0
AMYLEE_UCV7p7Vhocr5rEF0vTL0NTVQ_7Hl41EL6h4Q_0559_154435_154435_OW1.wav,0559,OW1,1,1,5,0
AMYLEE_UCV7p7Vhocr5rEF0vTL0NTVQ_7Hl41EL6h4Q_0560_155125_155125_AE1.wav,0560,AE1,1,4,1,0
AMYLEE_UCV7p7Vhocr5rEF0vTL0NTVQ_7Hl41EL6h4Q_0565_155835_155835_AA1.wav,0565,AA1,1,4,1,0
AMYLEE_UCV7p7Vhocr5rEF0vTL0NTVQ_7Hl41EL6h4Q_0567_156195_156195_AE1.wav,0567,AE1,1,4,1,0
AMYLEE_UCV7p7Vhocr5rEF0vTL0NTVQ_7Hl41EL6h4Q_0569_156825_156825_AO1.wav,0569,AO1,1,1,1,0
AMYLEE_UCV7p7Vhocr5rEF0vTL0NTVQ_7Hl41EL6h4Q_0570_157951_157951_AE1.wav,0570,AE1,1,1,1,0
AMYLEE_UCV7p7Vhocr5rEF0vTL0NTVQ_7Hl41EL6h4Q_0575_159451_159451_EY1.wav,0575,EY1,1,1,1,0
AMYLEE_UCV7p7Vhocr5rEF0vTL0NTVQ_7Hl41EL6h4Q_0576_159861_159861_AA1.wav,0576,AA1,1,1,1,0
AMYLEE_UCV7p7Vhocr5rEF0vTL0NTVQ_7Hl41EL6h4Q_0578_160551_160551_UW1.wav,0578,UW1,1,1,1,0
AMYLEE_UCV7p7Vhocr5rEF0vTL0NTVQ_7Hl41EL6h4Q_0579_161131_161131_AA1.wav,0579,AA1,1,1,1,0
AMYLEE_UCV7p7Vhocr5rEF0vTL0NTVQ_7Hl41EL6h4Q_0586_162581_162581_AE1.wav,0586,AE1,1,4,5,0
AMYLEE_UCV7p7Vhocr5rEF0vTL0NTVQ_7Hl41EL6h4Q_0588_163311_163311_AE1.wav,0588,AE1,1,4,1,0
AMYLEE_UCV7p7Vhocr5rEF0vTL0NTVQ_7Hl41EL6h4Q_0590_163851_163851_EY1.wav,0590,EY1,1,1,1,0
AMYLEE_UCV7p7Vhocr5rEF0vTL0NTVQ_7Hl41EL6h4Q_0595_164791_164791_EY1.wav,0595,EY1,1,1,1,0
AMYLEE_UCV7p7Vhocr5rEF0vTL0NTVQ_7Hl41EL6h4Q_0598_166149_166149_EY1.wav,0598,EY1,1,1,1,0
AMYLEE_UCV7p7Vhocr5rEF0vTL0NTVQ_7Hl41EL6h4Q_0601_166819_166819_AA1.wav,0601,AA1,1,1,5,0
AMYLEE_UCV7p7Vhocr5rEF0vTL0NTVQ_7Hl41EL6h4Q_0604_168029_168029_OW1.wav,0604,OW1,1,1,1,0
AMYLEE_UCV7p7Vhocr5rEF0vTL0NTVQ_7Hl41EL6h4Q_0607_169517_169517_AE1.wav,0607,AE1,1,1,1,0
AMYLEE_UCV7p7Vhocr5rEF0vTL0NTVQ_7Hl41EL6h4Q_0615_171127_171127_UW1.wav,0615,UW1,1,1,5,0
AMYLEE_UCV7p7Vhocr5rEF0vTL0NTVQ_7Hl41EL6h4Q_0616_171317_171317_OW1.wav,0616,OW1,1,1,1,0
AMYLEE_UCV7p7Vhocr5rEF0vTL0NTVQ_7Hl41EL6h4Q_0622_172757_172757_AE1.wav,0622,AE1,1,1,1,0
AMYLEE_UCV7p7Vhocr5rEF0vTL0NTVQ_7Hl41EL6h4Q_0629_173937_173937_AO1.wav,0629,AO1,1,1,5,0
AMYLEE_UCV7p7Vhocr5rEF0vTL0NTVQ_7Hl41EL6h4Q_0637_175457_175457_EY1.wav,0637,EY1,1,1,1,0
AMYLEE_UCV7p7Vhocr5rEF0vTL0NTVQ_7Hl41EL6h4Q_0640_176547_176547_OW1.wav,0640,OW1,1,1,1,0
AMYLEE_UCV7p7Vhocr5rEF0vTL0NTVQ_7Hl41EL6h4Q_0646_178827_178827_AO1.wav,0646,AO1,1,1,1,0
AMYLEE_UCV7p7Vhocr5rEF0vTL0NTVQ_7Hl41EL6h4Q_0651_179867_179867_EY1.wav,0651,EY1,1,1,1,0
AMYLEE_UCV7p7Vhocr5rEF0vTL0NTVQ_7Hl41EL6h4Q_0653_180247_180247_OW1.wav,0653,OW1,1,1,1,0
AMYLEE_UCV7p7Vhocr5rEF0vTL0NTVQ_7Hl41EL6h4Q_0667_190175_190175_OW1.wav,0667,OW1,1,1,1,0
AMYLEE_UCV7p7Vhocr5rEF0vTL0NTVQ_7Hl41EL6h4Q_0669_190715_190715_UW1.wav,0669,UW1,1,1,1,0
AMYLEE_UCV7p7Vhocr5rEF0vTL0NTVQ_7Hl41EL6h4Q_0677_192535_192535_AO1.wav,0677,AO1,1,1,1,0
AMYLEE_UCV7p7Vhocr5rEF0vTL0NTVQ_7Hl41EL6h4Q_0685_193895_193895_UW1.wav,0685,UW1,3,1,1,0
AMYLEE_UCV7p7Vhocr5rEF0vTL0NTVQ_7Hl41EL6h4Q_0686_194055_194055_UW1.wav,0686,UW1,1,1,1,0
AMYLEE_UCV7p7Vhocr5rEF0vTL0NTVQ_7Hl41EL6h4Q_0716_203173_203173_EY1.wav,0716,EY1,1,1,1,0
AMYLEE_UCV7p7Vhocr5rEF0vTL0NTVQ_7Hl41EL6h4Q_0721_203853_203853_AA1.wav,0721,AA1,1,1,5,0
AMYLEE_UCV7p7Vhocr5rEF0vTL0NTVQ_7Hl41EL6h4Q_0724_204063_204063_AO1.wav,0724,AO1,1,1,1,0
AMYLEE_UCV7p7Vhocr5rEF0vTL0NTVQ_7Hl41EL6h4Q_0733_205843_205843_OW1.wav,0733,OW1,1,1,1,0
AMYLEE_UCV7p7Vhocr5rEF0vTL0NTVQ_7Hl41EL6h4Q_0744_207493_207493_AA1.wav,0744,AA1,1,1,1,0
AMYLEE_UCV7p7Vhocr5rEF0vTL0NTVQ_7Hl41EL6h4Q_0751_208891_208891_AA1.wav,0751,AA1,1,1,1,0
AMYLEE_UCV7p7Vhocr5rEF0vTL0NTVQ_7Hl41EL6h4Q_0757_210331_210331_AO1.wav,0757,AO1,1,1,1,0
AMYLEE_UCV7p7Vhocr5rEF0vTL0NTVQ_7Hl41EL6h4Q_0771_213511_213511_AA1.wav,0771,AA1,1,1,1,0
AMYLEE_UCV7p7Vhocr5rEF0vTL0NTVQ_7Hl41EL6h4Q_0772_213681_213681_OW1.wav,0772,OW1,1,1,1,0
AMYLEE_UCV7p7Vhocr5rEF0vTL0NTVQ_7Hl41EL6h4Q_0776_214241_214241_AO1.wav,0776,AO1,1,1,1,0
AMYLEE_UCV7p7Vhocr5rEF0vTL0NTVQ_7Hl41EL6h4Q_0778_214751_214751_OW1.wav,0778,OW1,1,1,5,0
AMYLEE_UCV7p7Vhocr5rEF0vTL0NTVQ_7Hl41EL6h4Q_0783_216371_216371_UW1.wav,0783,UW1,1,1,1,0
AMYLEE_UCV7p7Vhocr5rEF0vTL0NTVQ_7Hl41EL6h4Q_0803_222011_222011_AO1.wav,0803,AO1,1,1,1,0
AMYLEE_UCV7p7Vhocr5rEF0vTL0NTVQ_7Hl41EL6h4Q_0804_222251_222251_AA1.wav,0804,AA1,1,1,5,0
AMYLEE_UCV7p7Vhocr5rEF0vTL0NTVQ_7Hl41EL6h4Q_0808_222921_222921_AA1.wav,0808,AA1,1,1,1,0
AMYLEE_UCV7p7Vhocr5rEF0vTL0NTVQ_7Hl41EL6h4Q_0811_223765_223765_AO1.wav,0811,AO1,1,4,1,0
AMYLEE_UCV7p7Vhocr5rEF0vTL0NTVQ_7Hl41EL6h4Q_0815_224365_224365_AO1.wav,0815,AO1,1,1,1,0
AMYLEE_UCV7p7Vhocr5rEF0vTL0NTVQ_7Hl41EL6h4Q_0832_227625_227625_EY1.wav,0832,EY1,1,4,1,0
AMYLEE_UCV7p7Vhocr5rEF0vTL0NTVQ_7Hl41EL6h4Q_0833_227805_227805_EY1.wav,0833,EY1,1,4,1,0
AMYLEE_UCV7p7Vhocr5rEF0vTL0NTVQ_7Hl41EL6h4Q_0839_229555_229555_EY1.wav,0839,EY1,1,1,1,0
AMYLEE_UCV7p7Vhocr5rEF0vTL0NTVQ_7Hl41EL6h4Q_0841_229785_229785_UW1.wav,0841,UW1,1,1,3,0
AMYLEE_UCV7p7Vhocr5rEF0vTL0NTVQ_7Hl41EL6h4Q_0847_231135_231135_OW1.wav,0847,OW1,1,1,1,0
AMYLEE_UCV7p7Vhocr5rEF0vTL0NTVQ_7Hl41EL6h4Q_0850_231655_231655_OW1.wav,0850,OW1,1,1,1,0
AMYLEE_UCV7p7Vhocr5rEF0vTL0NTVQ_7Hl41EL6h4Q_0857_233425_233425_EY1.wav,0857,EY1,1,1,1,0
AMYLEE_UCV7p7Vhocr5rEF0vTL0NTVQ_7Hl41EL6h4Q_0868_236324_236324_EY1.wav,0868,EY1,1,1,1,0
AMYLEE_UCV7p7Vhocr5rEF0vTL0NTVQ_7Hl41EL6h4Q_0873_237474_237474_EY1.wav,0873,EY1,1,1,1,0
AMYLEE_UCV7p7Vhocr5rEF0vTL0NTVQ_7Hl41EL6h4Q_0905_244803_244803_OW1.wav,0905,OW1,1,1,1,0
AMYLEE_UCV7p7Vhocr5rEF0vTL0NTVQ_7Hl41EL6h4Q_0913_246153_246153_EY1.wav,0913,EY1,1,4,1,0
AMYLEE_UCV7p7Vhocr5rEF0vTL0NTVQ_7Hl41EL6h4Q_0920_252881_252881_OW1.wav,0920,OW1,1,1,5,0
AMYLEE_UCV7p7Vhocr5rEF0vTL0NTVQ_7Hl41EL6h4Q_0925_253541_253541_UW1.wav,0925,UW1,1,1,1,0
AMYLEE_UCV7p7Vhocr5rEF0vTL0NTVQ_7Hl41EL6h4Q_0930_255011_255011_EY1.wav,0930,EY1,1,1,1,0
AMYLEE_UCV7p7Vhocr5rEF0vTL0NTVQ_7Hl41EL6h4Q_0939_256801_256801_EY1.wav,0939,EY1,1,1,1,0
AMYLEE_UCV7p7Vhocr5rEF0vTL0NTVQ_7Hl41EL6h4Q_0957_260991_260991_EY1.wav,0957,EY1,1,1,1,0
AMYLEE_UCV7p7Vhocr5rEF0vTL0NTVQ_7Hl41EL6h4Q_0958_261596_261596_EY1.wav,0958,EY1,1,1,1,0
AMYLEE_UCV7p7Vhocr5rEF0vTL0NTVQ_7Hl41EL6h4Q_0960_262127_262127_OW1.wav,0960,OW1,3,1,1,0
AMYLEE_UCV7p7Vhocr5rEF0vTL0NTVQ_7Hl41EL6h4Q_0967_263197_263197_EY1.wav,0967,EY1,1,1,1,0
AMYLEE_UCV7p7Vhocr5rEF0vTL0NTVQ_7Hl41EL6h4Q_0969_263467_263467_EY1.wav,0969,EY1,1,4,5,0
AMYLEE_UCV7p7Vhocr5rEF0vTL0NTVQ_7Hl41EL6h4Q_0975_264167_264167_EY1.wav,0975,EY1,1,1,1,0
AMYLEE_UCV7p7Vhocr5rEF0vTL0NTVQ_7Hl41EL6h4Q_0982_265297_265297_EY1.wav,0982,EY1,1,1,1,0
AMYLEE_UCV7p7Vhocr5rEF0vTL0NTVQ_7Hl41EL6h4Q_0989_266287_266287_EY1.wav,0989,EY1,1,1,1,0
AMYLEE_UCV7p7Vhocr5rEF0vTL0NTVQ_7Hl41EL6h4Q_1000_268767_268767_OW1.wav,1000,OW1,1,1,1,0
AMYLEE_UCV7p7Vhocr5rEF0vTL0NTVQ_7Hl41EL6h4Q_1008_271267_271267_OW1.wav,1008,OW1,1,1,1,0
AMYLEE_UCV7p7Vhocr5rEF0vTL0NTVQ_7Hl41EL6h4Q_1011_271857_271857_UW1.wav,1011,UW1,1,1,1,0
AMYLEE_UCV7p7Vhocr5rEF0vTL0NTVQ_7Hl41EL6h4Q_1045_279387_279387_EY1.wav,1045,EY1,1,1,1,0
AMYLEE_UCV7p7Vhocr5rEF0vTL0NTVQ_7Hl41EL6h4Q_1051_280517_280517_UW1.wav,1051,UW1,1,1,1,0
AMYLEE_UCV7p7Vhocr5rEF0vTL0NTVQ_7Hl41EL6h4Q_1059_282615_282615_EY1.wav,1059,EY1,1,1,1,0
AMYLEE_UCV7p7Vhocr5rEF0vTL0NTVQ_7Hl41EL6h4Q_1083_287359_287359_UW1.wav,1083,UW1,3,1,3,0
AMYLEE_UCV7p7Vhocr5rEF0vTL0NTVQ_7Hl41EL6h4Q_1091_289299_289299_UW1.wav,1091,UW1,1,1,1,0
AMYLEE_UCV7p7Vhocr5rEF0vTL0NTVQ_7Hl41EL6h4Q_1096_290389_290389_UW1.wav,1096,UW1,1,1,1,0
AMYLEE_UCV7p7Vhocr5rEF0vTL0NTVQ_7Hl41EL6h4Q_1100_291539_291539_UW1.wav,1100,UW1,1,1,1,0
AMYLEE_UCV7p7Vhocr5rEF0vTL0NTVQ_7Hl41EL6h4Q_1114_294675_294675_EY1.wav,1114,EY1,1,1,1,0
AMYLEE_UCV7p7Vhocr5rEF0vTL0NTVQ_7Hl41EL6h4Q_1123_297773_297773_EY1.wav,1123,EY1,1,1,1,0
AMYLEE_UCV7p7Vhocr5rEF0vTL0NTVQ_7Hl41EL6h4Q_1130_299343_299343_OW1.wav,1130,OW1,3,1,1,0
AMYLEE_UCV7p7Vhocr5rEF0vTL0NTVQ_7Hl41EL6h4Q_1135_299923_299923_EY1.wav,1135,EY1,1,1,1,0
AMYLEE_UCV7p7Vhocr5rEF0vTL0NTVQ_7Hl41EL6h4Q_1137_300283_300283_UW1.wav,1137,UW1,3,1,2,0
AMYLEE_UCV7p7Vhocr5rEF0vTL0NTVQ_7Hl41EL6h4Q_1142_301563_301563_OW1.wav,1142,OW1,1,1,5,0
AMYLEE_UCV7p7Vhocr5rEF0vTL0NTVQ_7Hl41EL6h4Q_1144_302285_302285_OW1.wav,1144,OW1,1,1,5,0
AMYLEE_UCV7p7Vhocr5rEF0vTL0NTVQ_7Hl41EL6h4Q_1159_304995_304995_UW1.wav,1159,UW1,1,1,1,0
AMYLEE_UCV7p7Vhocr5rEF0vTL0NTVQ_7Hl41EL6h4Q_1167_306075_306075_UW1.wav,1167,UW1,1,1,5,0
AMYLEE_UCV7p7Vhocr5rEF0vTL0NTVQ_7Hl41EL6h4Q_1169_306455_306455_EY1.wav,1169,EY1,1,4,1,0
AMYLEE_UCV7p7Vhocr5rEF0vTL0NTVQ_7Hl41EL6h4Q_1173_307395_307395_OW1.wav,1173,OW1,1,1,1,0
AMYLEE_UCV7p7Vhocr5rEF0vTL0NTVQ_7Hl41EL6h4Q_1201_314279_314279_UW1.wav,1201,UW1,1,1,1,0
AMYLEE_UCV7p7Vhocr5rEF0vTL0NTVQ_7Hl41EL6h4Q_1203_314629_314629_UW1.wav,1203,UW1,1,1,1,0
AMYLEE_UCV7p7Vhocr5rEF0vTL0NTVQ_7Hl41EL6h4Q_1210_316187_316187_OW1.wav,1210,OW1,1,1,1,0
AMYLEE_UCV7p7Vhocr5rEF0vTL0NTVQ_7Hl41EL6h4Q_1213_316457_316457_EY1.wav,1213,EY1,1,1,1,0
AMYLEE_UCV7p7Vhocr5rEF0vTL0NTVQ_7Hl41EL6h4Q_1217_317607_317607_UW1.wav,1217,UW1,1,1,1,0
AMYLEE_UCV7p7Vhocr5rEF0vTL0NTVQ_7Hl41EL6h4Q_1219_317867_317867_EY1.wav,1219,EY1,1,1,1,0
AMYLEE_UCV7p7Vhocr5rEF0vTL0NTVQ_7Hl41EL6h4Q_1221_318377_318377_UW1.wav,1221,UW1,4,1,1,0
AMYLEE_UCV7p7Vhocr5rEF0vTL0NTVQ_7Hl41EL6h4Q_1232_320947_320947_UW1.wav,1232,UW1,4,1,1,0
AMYLEE_UCV7p7Vhocr5rEF0vTL0NTVQ_7Hl41EL6h4Q_1233_321227_321227_UW1.wav,1233,UW1,1,1,5,0
AMYLEE_UCV7p7Vhocr5rEF0vTL0NTVQ_7Hl41EL6h4Q_1234_321547_321547_OW1.wav,1234,OW1,1,1,1,0
AMYLEE_UCV7p7Vhocr5rEF0vTL0NTVQ_7Hl41EL6h4Q_1235_321737_321737_EY1.wav,1235,EY1,1,1,1,0
AMYLEE_UCV7p7Vhocr5rEF0vTL0NTVQ_7Hl41EL6h4Q_1270_329197_329197_UW1.wav,1270,UW1,1,1,1,0
AMYLEE_UCV7p7Vhocr5rEF0vTL0NTVQ_7Hl41EL6h4Q_1281_332247_332247_UW1.wav,1281,UW1,1,1,5,0
AMYLEE_UCV7p7Vhocr5rEF0vTL0NTVQ_7Hl41EL6h4Q_1282_332337_332337_OW1.wav,1282,OW1,1,1,5,0
AMYLEE_UCV7p7Vhocr5rEF0vTL0NTVQ_7Hl41EL6h4Q_1287_333567_333567_UW1.wav,1287,UW1,1,1,1,0
AMYLEE_UCV7p7Vhocr5rEF0vTL0NTVQ_7Hl41EL6h4Q_1320_341263_341263_OW1.wav,1320,OW1,1,1,1,0
AMYLEE_UCV7p7Vhocr5rEF0vTL0NTVQ_7Hl41EL6h4Q_1327_342457_342457_UW1.wav,1327,UW1,1,1,5,0
AMYLEE_UCV7p7Vhocr5rEF0vTL0NTVQ_7Hl41EL6h4Q_1329_344077_344077_OW1.wav,1329,OW1,1,1,1,0
AMYLEE_UCV7p7Vhocr5rEF0vTL0NTVQ_7Hl41EL6h4Q_1340_346151_346151_OW1.wav,1340,OW1,1,1,1,0
AMYLEE_UCV7p7Vhocr5rEF0vTL0NTVQ_7Hl41EL6h4Q_1348_347721_347721_OW1.wav,1348,OW1,1,1,5,0
AMYLEE_UCV7p7Vhocr5rEF0vTL0NTVQ_7Hl41EL6h4Q_1356_349241_349241_UW1.wav,1356,UW1,1,1,1,0
AMYLEE_UCV7p7Vhocr5rEF0vTL0NTVQ_7Hl41EL6h4Q_1392_358987_358987_OW1.wav,1392,OW1,1,1,1,0
AMYLEE_UCV7p7Vhocr5rEF0vTL0NTVQ_7Hl41EL6h4Q_1399_360077_360077_OW1.wav,1399,OW1,1,1,1,0
AMYLEE_UCV7p7Vhocr5rEF0vTL0NTVQ_7Hl41EL6h4Q_1407_361487_361487_UW1.wav,1407,UW1,1,1,1,0
AMYLEE_UCV7p7Vhocr5rEF0vTL0NTVQ_7Hl41EL6h4Q_1417_364139_364139_OW1.wav,1417,OW1,1,1,1,0
AMYLEE_UCV7p7Vhocr5rEF0vTL0NTVQ_7Hl41EL6h4Q_1418_364279_364279_UW1.wav,1418,UW1,1,1,1,0
AMYLEE_UCV7p7Vhocr5rEF0vTL0NTVQ_7Hl41EL6h4Q_1425_365299_365299_UW1.wav,1425,UW1,1,1,5,0
AMYLEE_UCV7p7Vhocr5rEF0vTL0NTVQ_7Hl41EL6h4Q_1427_365659_365659_OW1.wav,1427,OW1,1,1,1,0
AMYLEE_UCV7p7Vhocr5rEF0vTL0NTVQ_7Hl41EL6h4Q_1435_367419_367419_UW1.wav,1435,UW1,1,1,1,0
AMYLEE_UCV7p7Vhocr5rEF0vTL0NTVQ_7Hl41EL6h4Q_1478_378723_378723_OW1.wav,1478,OW1,1,1,1,0
AMYLEE_UCV7p7Vhocr5rEF0vTL0NTVQ_7Hl41EL6h4Q_1496_382163_382163_UW1.wav,1496,UW1,1,1,1,0
AMYLEE_UCV7p7Vhocr5rEF0vTL0NTVQ_7Hl41EL6h4Q_1509_387639_387639_OW1.wav,1509,OW1,1,1,1,0
AMYLEE_UCV7p7Vhocr5rEF0vTL0NTVQ_7Hl41EL6h4Q_1517_389627_389627_UW1.wav,1517,UW1,1,1,5,0
AMYLEE_UCV7p7Vhocr5rEF0vTL0NTVQ_7Hl41EL6h4Q_1525_391127_391127_UW1.wav,1525,UW1,1,1,1,0
AMYLEE_UCV7p7Vhocr5rEF0vTL0NTVQ_7Hl41EL6h4Q_1547_395117_395117_OW1.wav,1547,OW1,1,1,1,0
AMYLEE_UCV7p7Vhocr5rEF0vTL0NTVQ_7Hl41EL6h4Q_1553_396437_396437_UW1.wav,1553,UW1,1,1,1,0
AMYLEE_UCV7p7Vhocr5rEF0vTL0NTVQ_7Hl41EL6h4Q_1572_401763_401763_UW1.wav,1572,UW1,1,1,1,0
AMYLEE_UCV7p7Vhocr5rEF0vTL0NTVQ_7Hl41EL6h4Q_1578_402823_402823_OW1.wav,1578,OW1,1,1,1,0
AMYLEE_UCV7p7Vhocr5rEF0vTL0NTVQ_7Hl41EL6h4Q_1597_409783_409783_OW1.wav,1597,OW1,1,1,1,0
AMYLEE_UCV7p7Vhocr5rEF0vTL0NTVQ_7Hl41EL6h4Q_1613_412513_412513_OW1.wav,1613,OW1,1,1,1,0
AMYLEE_UCV7p7Vhocr5rEF0vTL0NTVQ_7Hl41EL6h4Q_1659_424289_424289_UW1.wav,1659,UW1,1,1,1,0
AMYLEE_UCV7p7Vhocr5rEF0vTL0NTVQ_7Hl41EL6h4Q_1676_427109_427109_OW1.wav,1676,OW1,1,1,1,0
AMYLEE_UCV7p7Vhocr5rEF0vTL0NTVQ_7Hl41EL6h4Q_1679_427679_427679_UW1.wav,1679,UW1,3,1,1,0
AMYLEE_UCV7p7Vhocr5rEF0vTL0NTVQ_7Hl41EL6h4Q_1685_428489_428489_UW1.wav,1685,UW1,1,1,5,0
AMYLEE_UCV7p7Vhocr5rEF0vTL0NTVQ_7Hl41EL6h4Q_1699_431699_431699_OW1.wav,1699,OW1,1,1,1,0
AMYLEE_UCV7p7Vhocr5rEF0vTL0NTVQ_7Hl41EL6h4Q_1701_432209_432209_OW1.wav,1701,OW1,1,1,1,0
AMYLEE_UCV7p7Vhocr5rEF0vTL0NTVQ_7Hl41EL6h4Q_1706_433693_433693_UW1.wav,1706,UW1,1,1,1,0
AMYLEE_UCV7p7Vhocr5rEF0vTL0NTVQ_7Hl41EL6h4Q_1715_435857_435857_UW1.wav,1715,UW1,3,1,1,0
AMYLEE_UCV7p7Vhocr5rEF0vTL0NTVQ_7Hl41EL6h4Q_1725_436637_436637_OW1.wav,1725,OW1,2,1,1,0
AMYLEE_UCV7p7Vhocr5rEF0vTL0NTVQ_7Hl41EL6h4Q_1728_436947_436947_OW1.wav,1728,OW1,1,1,1,0
AMYLEE_UCV7p7Vhocr5rEF0vTL0NTVQ_7Hl41EL6h4Q_1732_437787_437787_UW1.wav,1732,UW1,1,1,1,0
AMYLEE_UCV7p7Vhocr5rEF0vTL0NTVQ_7Hl41EL6h4Q_1759_442911_442911_UW1.wav,1759,UW1,4,1,1,0
AMYLEE_UCV7p7Vhocr5rEF0vTL0NTVQ_7Hl41EL6h4Q_1780_446551_446551_UW1.wav,1780,UW1,1,1,1,0
AMYLEE_UCV7p7Vhocr5rEF0vTL0NTVQ_7Hl41EL6h4Q_1854_461205_461205_UW1.wav,1854,UW1,1,1,5,0
AMYLEE_UCV7p7Vhocr5rEF0vTL0NTVQ_7Hl41EL6h4Q_1874_464771_464771_UW1.wav,1874,UW1,3,1,1,0
AMYLEE_UCV7p7Vhocr5rEF0vTL0NTVQ_7Hl41EL6h4Q_1919_473499_473499_UW1.wav,1919,UW1,2,1,1,0
AMYLEE_UCV7p7Vhocr5rEF0vTL0NTVQ_7Hl41EL6h4Q_1998_488985_488985_UW1.wav,1998,UW1,1,1,1,0
AMYLEE_UCV7p7Vhocr5rEF0vTL0NTVQ_7Hl41EL6h4Q_2033_495243_495243_UW1.wav,2033,UW1,1,1,1,0
AMYLEE_UCV7p7Vhocr5rEF0vTL0NTVQ_7Hl41EL6h4Q_2034_495543_495543_UW1.wav,2034,UW1,1,1,1,0
